commit 666de6c9c429026f51721d2feae44f49845a618c
Author: Filippo Valsorda <filippo@golang.org>
Date:   Thu Jul 26 17:18:39 2018 -0400

    A+C: first round of automated updates for Go 1.11 and missing AUTHORS
    
    One first round of low-hanging fruit, excluding anything unclear.
    
    Also fixed a bug where, if a contributor had different emails under
    different CLAs, only the first one was added to AUTHORS.
    
    Updates #12042
    
    Change-Id: Id7b06c885d74b4718ef2d74d149513a7c0f40c91
    Reviewed-on: https://go-review.googlesource.com/126215
    Reviewed-by: Brad Fitzpatrick <bradfitz@golang.org>
---
 AUTHORS      | 188 +++++++++++++++++++++++++++++++++++++++++++++++++++++++
 CONTRIBUTORS | 200 +++++++++++++++++++++++++++++++++++++++++++++++++++++++++++
 2 files changed, 388 insertions(+)

diff --git a/AUTHORS b/AUTHORS
index 1c25f5bf06..1361776892 100644
--- a/AUTHORS
+++ b/AUTHORS
@@ -10,26 +10,34 @@
 
 # Please keep the list sorted.
 
+10x Genomics, Inc.
 A Medium Corporation
 Aamir Khan <syst3m.w0rm@gmail.com>
 Aaron France <aaron.l.france@gmail.com>
 Aaron Torres <tcboox@gmail.com>
+Aarti Parikh <aarti.parikh@gmail.com>
 Abe Haskins <abeisgreat@abeisgreat.com>
 Abhinav Gupta <abhinav.g90@gmail.com>
 Adam Eijdenberg <adam@continusec.com>
+Adam Harvey <aharvey@php.net>
 Adam Kisala <adam.kisala@gmail.com>
+Adam Medzinski <adam.medzinski@gmail.com>
+Adam Shannon <adamkshannon@gmail.com>
 Adam Thomason <athomason@gmail.com>
+Adam Woodbeck <adam@woodbeck.net>
 Aditya Mukerjee <dev@chimeracoder.net>
 Adrian Hesketh <adrianhesketh@hushmail.com>
 Adrian Nos <nos.adrian@gmail.com>
 Adrian O'Grady <elpollouk@gmail.com>
 Adrien Bustany <adrien-xx-google@bustany.org>
+Adrien Petel <peteladrien@gmail.com>
 Aécio Júnior <aeciodantasjunior@gmail.com>
 Aeneas Rekkas (arekkas) <aeneas@ory.am>
 Afanasev Stanislav <phpprogger@gmail.com>
 Agis Anastasopoulos <agis.anast@gmail.com>
 Agniva De Sarker <agnivade@yahoo.co.in>
 Ahmed Wahed <oneofone@gmail.com>
+Ahmet Soormally <ahmet@mangomm.co.uk>
 Ahmy Yulrizka <yulrizka@gmail.com>
 Aiden Scandella <ai@uber.com>
 Ainar Garipov <gugl.zadolbal@gmail.com>
@@ -45,6 +53,7 @@ Alberto Bertogli <albertito@blitiri.com.ar>
 Alberto Donizetti <alb.donizetti@gmail.com>
 Alberto García Hierro <alberto@garciahierro.com> <alberto.garcia.hierro@gmail.com>
 Aleksandar Dezelin <dezelin@gmail.com>
+Alekseev Artem <a.artem060@gmail.com>
 Alessandro Arzilli <alessandro.arzilli@gmail.com>
 Alessandro Baffa <alessandro.baffa@gmail.com>
 Alex A Skinner <alex@lx.lc>
@@ -52,11 +61,13 @@ Alex Brainman <alex.brainman@gmail.com>
 Alex Browne <stephenalexbrowne@gmail.com>
 Alex Carol <alex.carol.c@gmail.com>
 Alex Jin <toalexjin@gmail.com>
+Alex Myasoedov <msoedov@gmail.com>
 Alex Plugaru <alex@plugaru.org> <alexandru.plugaru@gmail.com>
 Alex Schroeder <alex@gnu.org>
 Alex Sergeyev <abc@alexsergeyev.com>
 Alexander Demakin <alexander.demakin@gmail.com>
 Alexander Döring <email@alexd.ch>
+Alexander F Rødseth <alexander.rodseth@appeartv.com>
 Alexander Guz <kalimatas@gmail.com>
 Alexander Kauer <alexander@affine.space>
 Alexander Kucherenko <alxkchr@gmail.com>
@@ -74,11 +85,13 @@ Alexandre Cesaro <alexandre.cesaro@gmail.com>
 Alexandre Fiori <fiorix@gmail.com>
 Alexandre Normand <alexandre.normand@gmail.com>
 Alexandre Parentea <aubonbeurre@gmail.com>
+Alexandre Viau <alexandre@alexandreviau.net>
 Alexei Sholik <alcosholik@gmail.com>
 Alexey Borzenkov <snaury@gmail.com>
 Alexey Neganov <neganovalexey@gmail.com>
 Alexey Palazhchenko <alexey.palazhchenko@gmail.com>
 Alexis Hildebrandt <surryhill@gmail.com>
+Ali Rizvi-Santiago <arizvisa@gmail.com>
 Aliaksandr Valialkin <valyala@gmail.com>
 Alif Rachmawadi <subosito@gmail.com>
 Allan Simon <allan.simon@supinfo.com>
@@ -94,11 +107,13 @@ Andre Nathan <andrenth@gmail.com>
 Andreas Auernhammer <aead@mail.de>
 Andreas Litt <andreas.litt@gmail.com>
 Andrei Korzhevskii <a.korzhevskiy@gmail.com>
+Andrei Tudor Călin <mail@acln.ro>
 Andrei Vieru <euvieru@gmail.com>
 Andrew Austin <andrewaclt@gmail.com>
 Andrew Balholm <andybalholm@gmail.com>
 Andrew Benton <andrewmbenton@gmail.com>
 Andrew Bonventre <andybons@chromium.org>
+Andrew Braunstein <awbraunstein@gmail.com>
 Andrew Bursavich <abursavich@gmail.com>
 Andrew Ekstedt <andrew.ekstedt@gmail.com>
 Andrew Etter <andrew.etter@gmail.com>
@@ -120,11 +135,13 @@ Andrzej Żeżel <andrii.zhezhel@gmail.com>
 Andy Balholm <andy@balholm.com>
 Andy Davis <andy@bigandian.com>
 Andy Finkenstadt <afinkenstadt@zynga.com>
+Andy Lindeman <andy@lindeman.io>
 Andy Maloney <asmaloney@gmail.com>
 Andy Walker <walkeraj@gmail.com>
 Anfernee Yongkun Gui <anfernee.gui@gmail.com>
 Angelo Bulfone <mbulfone@gmail.com>
 Anh Hai Trinh <anh.hai.trinh@gmail.com>
+Anit Gandhi <anitgandhi@gmail.com>
 Anmol Sethi <anmol@aubble.com>
 Anschel Schaffer-Cohen <anschelsc@gmail.com>
 Anthony Alves <cvballa3g0@gmail.com>
@@ -136,6 +153,8 @@ Anthony Starks <ajstarks@gmail.com>
 Anthony Voutas <voutasaurus@gmail.com>
 Anthony Woods <awoods@raintank.io>
 Antoine Martin <antoine97.martin@gmail.com>
+Antonin Amand <antonin.amand@gmail.com>
+Antonio Antelo <aantelov87@gmail.com>
 Antonio Bibiano <antbbn@gmail.com>
 Antonio Troina <thoeni@gmail.com>
 Apisak Darakananda <pongad@gmail.com>
@@ -149,19 +168,24 @@ Arnaud Ysmal <arnaud.ysmal@gmail.com>
 Arne Hormann <arnehormann@gmail.com>
 Arnout Engelen <arnout@bzzt.net>
 Aron Nopanen <aron.nopanen@gmail.com>
+Arthur Khashaev <arthur@khashaev.ru>
 Artyom Pervukhin <artyom.pervukhin@gmail.com>
 Arvindh Rajesh Tamilmani <art@a-30.net>
+Ashish Gandhi <ag@ashishgandhi.org>
 Atin Malaviya <amalaviy@akamai.com>
 Ato Araki <ato.araki@gmail.com>
 Audrey Lim <audreylh@gmail.com>
+Audrius Butkevicius <audrius.butkevicius@gmail.com>
 Augusto Roman <aroman@gmail.com>
 Aulus Egnatius Varialus <varialus@gmail.com>
+Aurélien Rainone <aurelien.rainone@gmail.com>
 awaw fumin <awawfumin@gmail.com>
 Awn Umar <awn@cryptolosophy.io>
 Axel Wagner <axel.wagner.hh@googlemail.com>
 Ayanamist Yang <ayanamist@gmail.com>
 Aymerick Jéhanne <aymerick@jehanne.org>
 Baiju Muthukadan <baiju.m.mail@gmail.com>
+Baokun Lee <nototon@gmail.com>
 Bartosz Grzybowski <melkorm@gmail.com>
 Bastian Ike <bastian.ike@gmail.com>
 Ben Burkert <ben@benburkert.com>
@@ -170,9 +194,12 @@ Ben Lubar <ben.lubar@gmail.com>
 Ben Olive <sionide21@gmail.com>
 Ben Shi <powerman1st@163.com>
 Benjamin Black <b@b3k.us>
+Benjamin Cable <cable.benjamin@gmail.com>
+Benjamin Hsieh <tanookiben@users.noreply.github.com>
 Benny Siegert <bsiegert@gmail.com>
 Benoit Sigoure <tsunanet@gmail.com>
 Berengar Lehr <berengar.lehr@gmx.de>
+Bill Zissimopoulos <billziss@navimatics.com>
 Billie Harold Cleek <bhcleek@gmail.com>
 Bjorn Tillenius <bjorn@tillenius.me>
 Bjorn Tipling <bjorn.tipling@gmail.com>
@@ -181,10 +208,14 @@ Blake Gentry <blakesgentry@gmail.com>
 Blake Mesdag <blakemesdag@gmail.com>
 Blake Mizerany <blake.mizerany@gmail.com>
 Blixt <me@blixt.nyc>
+Bob Briski <rbriski@gmail.com>
+Bob Potter <bobby.potter@gmail.com>
 Bobby Powers <bobbypowers@gmail.com>
 Bolt
 Borja Clemente <borja.clemente@gmail.com>
 Brad Burch <brad.burch@gmail.com>
+Brad Morgan <brad@morgabra.com>
+Bradley Falzon <brad@teambrad.net>
 Brady Catherman <brady@gmail.com>
 Brady Sullivan <brady@bsull.com>
 Brendan Daniel Tracey <tracey.brendan@gmail.com>
@@ -200,11 +231,14 @@ Brian Ketelsen <bketelsen@gmail.com>
 Brian Smith <ohohvi@gmail.com>
 Brian Starke <brian.starke@gmail.com>
 Bryan Alexander <Kozical@msn.com>
+Bryan Chan <bryanpkc@gmail.com>
 Bryan Ford <brynosaurus@gmail.com>
 Bulat Gaifullin <gaifullinbf@gmail.com>
 Burak Guven <bguven@gmail.com>
 Caine Tighe <arctanofyourface@gmail.com>
+Caleb Martinez <accounts@calebmartinez.com>
 Caleb Spare <cespare@gmail.com>
+Canonical Limited
 Carl Chatfield <carlchatfield@gmail.com>
 Carl Henrik Lunde <chlunde@ifi.uio.no>
 Carl Johnson <me@carlmjohnson.net>
@@ -214,14 +248,17 @@ Carlos Castillo <cookieo9@gmail.com>
 Carlos Cirello <uldericofilho@gmail.com>
 Carolyn Van Slyck <me@carolynvanslyck.com>
 Case Nelson <case.nelson@gmail.com>
+Casey Callendrello <squeed@gmail.com>
 Casey Marshall <casey.marshall@gmail.com>
 Cezar Sá Espinola <cezarsa@gmail.com>
 ChaiShushan <chaishushan@gmail.com>
 Charles Fenwick Elliott <Charles@FenwickElliott.io>
 Charles L. Dorian <cldorian@gmail.com>
 Charles Lee <zombie.fml@gmail.com>
+Chef Software, Inc.
 Chew Choon Keat <choonkeat@gmail.com>
 Cholerae Hu <choleraehyq@gmail.com>
+Chotepud Teo <AlexRouSg@users.noreply.github.com>
 Chris Ball <chris@printf.net>
 Chris Biscardi <chris@christopherbiscardi.com>
 Chris Dollin <ehog.hedge@gmail.com>
@@ -231,14 +268,18 @@ Chris Howey <howeyc@gmail.com>
 Chris Jones <chris@cjones.org>
 Chris Kastorff <encryptio@gmail.com>
 Chris Lennert <calennert@gmail.com>
+Chris Liles <caveryliles@gmail.com>
 Chris McGee <sirnewton_01@yahoo.ca> <newton688@gmail.com>
 Chris Roche <rodaine@gmail.com>
+Chris Smith <chrsmith@users.noreply.github.com>
 Chris Stockton <chrisstocktonaz@gmail.com>
 Christian Alexander <christian@linux.com>
 Christian Couder <chriscool@tuxfamily.org>
 Christian Himpel <chressie@googlemail.com>
+Christian Pellegrin <chri@evolware.org>
 Christine Hansmann <chhansmann@gmail.com>
 Christoffer Buchholz <christoffer.buchholz@gmail.com>
+Christoph Blecker <admin@toph.ca>
 Christoph Hack <christoph@tux21b.org>
 Christopher Cahoon <chris.cahoon@gmail.com>
 Christopher Guiney <chris@guiney.net>
@@ -256,6 +297,8 @@ Colin Edwards <colin@recursivepenguin.com>
 Colin Kennedy <moshen.colin@gmail.com>
 Conrad Irwin <conrad.irwin@gmail.com>
 Conrad Meyer <cemeyer@cs.washington.edu>
+Conrado Gouvea <conradoplg@gmail.com>
+Constantin Konstantinidis <constantinkonstantinidis@gmail.com>
 CoreOS, Inc.
 Corey Thomasson <cthom.lists@gmail.com>
 Cristian Staretu <unclejacksons@gmail.com>
@@ -264,6 +307,7 @@ Cyrill Schumacher <cyrill@schumacher.fm>
 Daisuke Fujita <dtanshi45@gmail.com>
 Damian Gryski <dgryski@gmail.com>
 Damien Lespiau <damien.lespiau@gmail.com>
+Damien Mathieu <42@dmathieu.com>
 Dan Ballard <dan@mindstab.net>
 Dan Caddigan <goldcaddy77@gmail.com>
 Dan Callahan <dan.callahan@gmail.com>
@@ -276,6 +320,7 @@ Daniel Krech <eikeon@eikeon.com>
 Daniel Lidén <daniel.liden.87@gmail.com>
 Daniel Martí <mvdan@mvdan.cc>
 Daniel Morsing <daniel.morsing@gmail.com>
+Daniel Nephin <dnephin@gmail.com>
 Daniel Ortiz Pereira da Silva <daniel.particular@gmail.com>
 Daniel Skinner <daniel@dasa.cc>
 Daniel Speichert <daniel@speichert.pl>
@@ -284,12 +329,15 @@ Daniel Upton <daniel@floppy.co>
 Daniela Petruzalek <daniela.petruzalek@gmail.com>
 Danny Rosseau <daniel.rosseau@gmail.com>
 Darren Elwood <darren@textnode.com>
+Darshan Parajuli <parajulidarshan@gmail.com>
 Datong Sun <dndx@idndx.com>
 Dave Cheney <dave@cheney.net>
 Dave MacFarlane <driusan@gmail.com>
+Dave Russell <forfuncsake@gmail.com>
 David Brophy <dave@brophy.uk>
 David Bürgin <676c7473@gmail.com>
 David Calavera <david.calavera@gmail.com>
+David Carlier <devnexen@gmail.com>
 David du Colombier <0intro@gmail.com>
 David Forsythe <dforsythe@gmail.com>
 David G. Andersen <dave.andersen@gmail.com>
@@ -302,24 +350,31 @@ David Sansome <me@davidsansome.com>
 David Stainton <dstainton415@gmail.com>
 David Thomas <davidthomas426@gmail.com>
 David Titarenco <david.titarenco@gmail.com>
+David Url <david@urld.io>
 David Volquartz Lebech <david@lebech.info>
+David Wimmer <davidlwimmer@gmail.com>
 Davies Liu <davies.liu@gmail.com>
 Davor Kapsa <davor.kapsa@gmail.com>
 Dean Prichard <dean.prichard@gmail.com>
 Deepak Jois <deepak.jois@gmail.com>
 Denis Bernard <db047h@gmail.com>
 Denis Brandolini <denis.brandolini@gmail.com>
+Dennis Kuhnert <mail.kuhnert@gmail.com>
 Denys Honsiorovskyi <honsiorovskyi@gmail.com>
 Derek Buitenhuis <derek.buitenhuis@gmail.com>
 Derek McGowan <derek@mcgstyle.net>
 Derek Parker <parkerderek86@gmail.com>
 Derek Shockey <derek.shockey@gmail.com>
+Dev Ojha <dojha12@gmail.com>
 Develer SRL
 Devon H. O'Dell <devon.odell@gmail.com>
 Dhaivat Pandit <dhaivatpandit@gmail.com>
 Dhiru Kholia <dhiru.kholia@gmail.com>
+Dhruvdutt Jadhav <dhruvdutt.jadhav@gmail.com>
 Didier Spezia <didier.06@gmail.com>
+Dimitri Sokolyuk <sokolyuk@gmail.com>
 Dimitri Tcaciuc <dtcaciuc@gmail.com>
+Diogo Pinela <diogoid7400@gmail.com>
 Dirk Gadsden <dirk@esherido.com>
 Diwaker Gupta <diwakergupta@gmail.com>
 Dmitri Popov <operator@cv.dp-net.com>
@@ -327,6 +382,7 @@ Dmitri Shuralyov <dmitri@shuralyov.com> <shurcooL@gmail.com>
 Dmitriy Dudkin <dudkin.dmitriy@gmail.com>
 Dmitriy Shelenin <deemok@googlemail.com> <deemok@gmail.com>
 Dmitry Chestnykh <dchest@gmail.com>
+Dmitry Doroginin <doroginin@gmail.com>
 Dmitry Savintsev <dsavints@gmail.com>
 Dmitry Yakunin <nonamezeil@gmail.com>
 Dominic Green <dominicgreen1@gmail.com>
@@ -343,6 +399,7 @@ Dvir Volk <dvir@everything.me> <dvirsky@gmail.com>
 Dylan Waits <dylan@waits.io>
 Edan Bedrik <3d4nb3@gmail.com>
 Eden Li <eden.li@gmail.com>
+Eduardo Ramalho <eduardo.ramalho@gmail.com>
 Edward Muller <edwardam@interlix.com>
 Egon Elbre <egonelbre@gmail.com>
 Ehren Kret <ehren.kret@gmail.com>
@@ -360,18 +417,23 @@ Empirical Interfaces Inc.
 Eoghan Sherry <ejsherry@gmail.com>
 Eric Chiang <eric.chiang.m@gmail.com>
 Eric Clark <zerohp@gmail.com>
+Eric Daniels <eric@erdaniels.com>
 Eric Engestrom <eric@engestrom.ch>
 Eric Lagergren <ericscottlagergren@gmail.com>
 Eric Milliken <emilliken@gmail.com>
+Eric Pauley <eric@pauley.me>
 Eric Rescorla <ekr@rtfm.com>
 Eric Roshan-Eisner <eric.d.eisner@gmail.com>
+Eric Rykwalder <e.rykwalder@gmail.com>
 Erik Aigner <aigner.erik@gmail.com>
 Erik Dubbelboer <erik@dubbelboer.com>
 Erik St. Martin <alakriti@gmail.com>
 Erik Westrup <erik.westrup@gmail.com>
 Ernest Chiang <ernest_chiang@htc.com>
+Erwin Oegema <blablaechthema@hotmail.com>
 Esko Luontola <esko.luontola@gmail.com>
 Euan Kemp <euank@euank.com>
+Eugene Kalinin <e.v.kalinin@gmail.com>
 Evan Hicks <evan.hicks2@gmail.com>
 Evan Jones <ej@evanjones.ca>
 Evan Phoenix <evan@phx.io>
@@ -392,21 +454,27 @@ Fazlul Shahriar <fshahriar@gmail.com>
 Fedor Indutny <fedor@indutny.com>
 Felipe Oliveira <felipeweb.programador@gmail.com>
 Felix Geisendörfer <haimuiba@gmail.com>
+Felix Kollmann <fk@konsorten.de>
 Filip Gruszczyński <gruszczy@gmail.com>
+Filip Haglund <drathier@users.noreply.github.com>
 Filippo Valsorda <hi@filippo.io>
 Firmansyah Adiputra <frm.adiputra@gmail.com>
 Florian Uekermann <florian@uekermann-online.de>
 Florian Weimer <fw@deneb.enyo.de>
 Florin Patan <florinpatan@gmail.com>
 Ford Hurley <ford.hurley@gmail.com>
+Francesc Campoy <francesc@campoy.cat>
 Francisco Claude <fclaude@recoded.cl>
 Francisco Rojas <francisco.rojas.gallegos@gmail.com>
 Francisco Souza <franciscossouza@gmail.com>
+Frank Schroeder <frank.schroeder@gmail.com>
 Frank Somers <fsomers@arista.com>
 Frederic Guillot <frederic.guillot@gmail.com>
 Frederick Kelly Mayle III <frederickmayle@gmail.com>
+Frederik Ring <frederik.ring@gmail.com>
 Fredrik Enestad <fredrik.enestad@soundtrackyourbrand.com>
 Fredrik Forsmo <fredrik.forsmo@gmail.com>
+Fredrik Wallgren <fredrik.wallgren@gmail.com>
 Frithjof Schulze <schulze@math.uni-hannover.de> <sfrithjof@gmail.com>
 Frits van Bommel <fvbommel@gmail.com>
 Gabríel Arthúr Pétursson <gabriel@system.is>
@@ -417,13 +485,16 @@ Gareth Paul Jones <gpj@foursquare.com>
 Gary Burd <gary@beagledreams.com>
 Gaurish Sharma <contact@gaurishsharma.com>
 Gautham Thambidorai <gautham.dorai@gmail.com>
+Gauthier Jolly <gauthier.jolly@gmail.com>
 Geert-Johan Riemer <gjr19912@gmail.com>
 Gengliang Wang <ltnwgl@gmail.com>
 Geoffroy Lorieux <lorieux.g@gmail.com>
+Geon Kim <geon0250@gmail.com>
 Georg Reinke <guelfey@gmail.com>
 George Gkirtsou <ggirtsou@gmail.com>
 George Shammas <george@shamm.as> <georgyo@gmail.com>
 Gerasimos Dimitriadis <gedimitr@gmail.com>
+Getulio Sánchez <valentin2507@gmail.com>
 Gideon Jan-Wessel Redelinghuys <gjredelinghuys@gmail.com>
 Giles Lean <giles.lean@pobox.com>
 Giulio Iotti <dullgiulio@gmail.com>
@@ -435,8 +506,10 @@ Graham Miller <graham.miller@gmail.com>
 Grant Griffiths <ggp493@gmail.com>
 Greg Poirier <greg.istehbest@gmail.com>
 Greg Ward <greg@gerg.ca>
+Grégoire Delattre <gregoire.delattre@gmail.com>
 Gregory Man <man.gregory@gmail.com>
 Guilherme Garnier <guilherme.garnier@gmail.com>
+Guilherme Goncalves <guilhermeaugustosg@gmail.com>
 Guilherme Rezende <guilhermebr@gmail.com>
 Guillaume J. Charmes <guillaume@charmes.net>
 Guobiao Mei <meiguobiao@gmail.com>
@@ -449,6 +522,7 @@ H. İbrahim Güngör <igungor@gmail.com>
 Hajime Hoshi <hajimehoshi@gmail.com>
 Hang Qian <hangqian90@gmail.com>
 Hanjun Kim <hallazzang@gmail.com>
+Harald Nordgren <haraldnordgren@gmail.com>
 Hari haran <hariharan.uno@gmail.com>
 Hariharan Srinath <srinathh@gmail.com>
 Harley Laue <losinggeneration@gmail.com>
@@ -464,6 +538,7 @@ Henrik Hodne <henrik@hodne.io>
 Henry Adi Sumarto <henry.adisumarto@gmail.com>
 Henry Bubert <google@mindeco.de>
 Henry Chang <mr.changyuheng@gmail.com>
+Henry Clifford <h.a.clifford@gmail.com>
 Herbert Georg Fischer <herbert.fischer@gmail.com>
 Hilko Bengen <bengen@hilluzination.de>
 Hiroaki Nakamura <hnakamur@gmail.com>
@@ -488,18 +563,24 @@ Igor Dolzhikov <bluesriverz@gmail.com>
 Igor Vashyst <ivashyst@gmail.com>
 INADA Naoki <songofacandy@gmail.com>
 Inanc Gumus <m@inanc.io>
+Infobaleen AB
+Ingo Gottwald <in.gottwald@gmail.com>
 Ingo Krabbe <ikrabbe.ask@gmail.com>
 Ingo Oeser <nightlyone@googlemail.com>
 Intel Corporation
+Ioannis Georgoulas <geototti21@hotmail.com>
 Irieda Noboru <irieda@gmail.com>
 Isaac Wagner <ibw@isaacwagner.me>
 Ivan Babrou <ivan@cloudflare.com>
 Ivan Bertona <ivan.bertona@gmail.com>
+Ivan Markin <sw@nogoegst.net>
 Ivan Moscoso <moscoso@gmail.com>
 Ivan Ukhov <ivan.ukhov@gmail.com>
+Jacob H. Haven <jacob@jhaven.me>
 Jacob Hoffman-Andrews <github@hoffman-andrews.com>
 Jae Kwon <jae@tendermint.com>
 Jakob Borg <jakob@nym.se>
+Jakob Weisblat <jakobw@mit.edu>
 Jakub Ryszard Czarnowicz <j.czarnowicz@gmail.com>
 James Bardin <j.bardin@gmail.com>
 James Clarke <jrtc27@jrtc27.com>
@@ -527,10 +608,12 @@ Jan Berktold <jan@berktold.co>
 Jan H. Hosang <jan.hosang@gmail.com>
 Jan Mercl <0xjnml@gmail.com> <befelemepeseveze@gmail.com>
 Jan Newmarch <jan.newmarch@gmail.com>
+Jan Pilzer <jan.pilzer@gmx.de>
 Jan Ziak <0xe2.0x9a.0x9b@gmail.com>
 Jani Monoses <jani.monoses@ubuntu.com>
 Jared Culp <jculp14@gmail.com>
 Jaroslavas Počepko <jp@webmaster.ms>
+Jason A. Donenfeld <Jason@zx2c4.com>
 Jason Barnett <jason.w.barnett@gmail.com>
 Jason Chu <jasonchujc@gmail.com>
 Jason Del Ponte <delpontej@gmail.com>
@@ -539,9 +622,11 @@ Jason Travis <infomaniac7@gmail.com>
 Jason Wangsadinata <jwangsadinata@gmail.com>
 Javier Segura <javism@gmail.com>
 Jay Weisskopf <jay@jayschwa.net>
+Jean-André Santoni <jean.andre.santoni@gmail.com>
 Jean-Francois Cantin <jfcantin@gmail.com>
 Jean-Nicolas Moal <jn.moal@gmail.com>
 Jeet Parekh <jeetparekh96@gmail.com>
+Jeff Dupont <jeff.dupont@gmail.com>
 Jeff Hodges <jeff@somethingsimilar.com>
 Jeff R. Allen <jra@nella.org>
 Jeff Sickel <jas@corpus-callosum.com>
@@ -551,8 +636,10 @@ Jelte Fennema <github-tech@jeltef.nl>
 Jens Frederich <jfrederich@gmail.com>
 Jeremy Jackins <jeremyjackins@gmail.com>
 Jeroen Bobbeldijk <jerbob92@gmail.com>
+Jerrin Shaji George <jerrinsg@gmail.com>
 Jess Frazelle <me@jessfraz.com>
 Jesse Szwedko <jesse.szwedko@gmail.com>
+Jesús Espino <jespinog@gmail.com>
 Jihyun Yu <yjh0502@gmail.com>
 Jim McGrath <jimmc2@gmail.com>
 Jimmy Frasche <soapboxcicero@gmail.com>
@@ -564,6 +651,7 @@ Jiong Du <londevil@gmail.com>
 Jirka Daněk <dnk@mail.muni.cz>
 Jiulong Wang <jiulongw@gmail.com>
 Joakim Sernbrant <serbaut@gmail.com>
+Joe Cortopassi <joe@joecortopassi.com>
 Joe Farrell <joe2farrell@gmail.com>
 Joe Harrison <joehazzers@gmail.com>
 Joe Henke <joed.henke@gmail.com>
@@ -578,19 +666,24 @@ Johan Brandhorst <johan.brandhorst@gmail.com>
 Johan Sageryd <j@1616.se>
 John Asmuth <jasmuth@gmail.com>
 John C Barstow <jbowtie@amathaine.com>
+John Gibb <johngibb@gmail.com>
 John Graham-Cumming <jgc@jgc.org> <jgrahamc@gmail.com>
 John Howard Palevich <jack.palevich@gmail.com>
 John Jeffery <jjeffery@sp.com.au>
 John Jenkins <twodopeshaggy@gmail.com>
+John Leidegren <john.leidegren@gmail.com>
 John Potocny <johnp@vividcortex.com>
 John R. Lenton <jlenton@gmail.com>
 John Schnake <schnake.john@gmail.com>
 John Shahid <jvshahid@gmail.com>
 John Tuley <john@tuley.org>
 Johnny Luo <johnnyluo1980@gmail.com>
+Jonas Bernoulli <jonas@bernoul.li>
 Jonathan Boulle <jonathanboulle@gmail.com>
+Jonathan Chen <dijonkitchen@users.noreply.github.com>
 Jonathan Gold <jgold.bg@gmail.com>
 Jonathan Mark <jhmark@xenops.com>
+Jonathan Pentecost <pentecostjonathan@gmail.com>
 Jonathan Rudenberg <jonathan@titanous.com>
 Jonathan Stacks <jonstacks13@gmail.com>
 Jonathan Wills <runningwild@gmail.com>
@@ -607,6 +700,7 @@ Josh Deprez <josh.deprez@gmail.com>
 Josh Goebel <dreamer3@gmail.com>
 Josh Holland <jrh@joshh.co.uk>
 Josh Roppo <joshroppo@gmail.com>
+Josh Varga <josh.varga@gmail.com>
 Joshua Chase <jcjoshuachase@gmail.com>
 Joshua Rubin <joshua@rubixconsulting.com>
 Josselin Costanzi <josselin@costanzi.fr>
@@ -618,8 +712,11 @@ Jude Pereira <judebpereira@gmail.com>
 Jukka-Pekka Kekkonen <karatepekka@gmail.com>
 Julian Kornberger <jk+github@digineo.de>
 Julian Phillips <julian@quantumfyre.co.uk>
+Julien Salleyron <julien.salleyron@gmail.com>
 Julien Schmidt <google@julienschmidt.com>
+Junda Liu <junda@celer.network>
 Junya Hayashi <ledmonster@gmail.com>
+Justin Gracenin <jgracenin@gmail.com>
 Justin Nuß <nuss.justin@gmail.com>
 Justyn Temme <justyntemme@gmail.com>
 Kai Backman <kaib@golang.org>
@@ -628,6 +725,7 @@ Kale Blankenship <kale@lemnisys.com>
 Kaleb Elwert <kelwert@atlassian.com>
 Kamil Chmielewski <kamil.chm@gmail.com>
 Kamil Kisiel <kamil@kamilkisiel.net> <kamil.kisiel@gmail.com>
+Kamil Rytarowski <krytarowski@users.noreply.github.com>
 Kang Hu <hukangustc@gmail.com>
 Karel Pazdera <pazderak@gmail.com>
 Karoly Negyesi <chx1975@gmail.com>
@@ -658,6 +756,7 @@ Kevin Ruffin <kruffin@gmail.com>
 Kevin Vu <kevin.m.vu@gmail.com>
 Kieran Colford <kieran@kcolford.com>
 Kim Yongbin <kybinz@gmail.com>
+Kir Kolyshkin <kolyshkin@gmail.com>
 Kirk Han <kirk91.han@gmail.com>
 Klaus Post <klauspost@gmail.com>
 Kodie Goodwin <kodiegoodwin@gmail.com>
@@ -670,6 +769,7 @@ Kris Nova <kris@nivenly.com>
 Kristopher Watts <traetox@gmail.com>
 Kun Li <likunarmstrong@gmail.com>
 Kunpei Sakai <namusyaka@gmail.com>
+Kuntal Majumder <hellozee@disroot.org>
 Kyle Consalus <consalus@gmail.com>
 Kyle Isom <kyle@gokyle.net>
 Kyle Jones <kyle@kyledj.com>
@@ -680,7 +780,10 @@ Kyrylo Silin <silin@kyrylo.org>
 L Campbell <unpantsu@gmail.com>
 Lai Jiangshan <eag0628@gmail.com>
 Lakshay Garg <lakshay.garg.1996@gmail.com>
+Lanre Adelowo <yo@lanre.wtf>
+Larry Hosken <lahosken@gmail.com>
 Lars Jeppesen <jeppesen.lars@gmail.com>
+Lars Lehtonen <lars.lehtonen@gmail.com>
 Lars Wiegman <lars@namsral.com>
 Larz Conwell <larzconwell@gmail.com>
 Laurent Voisin <lpvoisin@gmail.com>
@@ -688,8 +791,11 @@ Laurie Clark-Michalek <laurie@qubit.com>
 LE Manh Cuong <cuong.manhle.vn@gmail.com>
 Lee Hinman <hinman@gmail.com>
 Lee Packham <lpackham@gmail.com>
+Lehner Florian <dev@der-flo.net>
 Leigh McCulloch <leighmcc@gmail.com>
+Leo Antunes <leo@costela.net>
 Leon Klingele <git@leonklingele.de>
+Leonel Quinteros <leonel.quinteros@gmail.com>
 Lev Shamardin <shamardin@gmail.com>
 Lewin Bormann <lewin.bormann@gmail.com>
 Liberty Fund Inc
@@ -715,19 +821,23 @@ Maicon Costa <maiconscosta@gmail.com>
 Maksym Trykur <maksym.trykur@gmail.com>
 Mal Curtis <mal@mal.co.nz>
 Manfred Touron <m@42.am>
+Manigandan Dharmalingam <manigandan.jeff@gmail.com>
 Manish Goregaokar <manishsmail@gmail.com>
 Mansour Rahimi <rahimi.mnr@gmail.com>
 Manu S Ajith <neo@codingarena.in>
 Manuel Mendez <mmendez534@gmail.com>
 Marc Weistroff <marc@weistroff.net>
 Marcel Edmund Franke <marcel.edmund.franke@gmail.com>
+Marcelo Cantos <marcelo.cantos@gmail.com>
 Marcelo E. Magallon <marcelo.magallon@gmail.com>
 Marco Hennings <marco.hennings@freiheit.com>
 Marin Bašić <marin.basic02@gmail.com>
+Mario Arranz <marioarranzr@gmail.com>
 Mark Adams <mark@markadams.me>
 Mark Bucciarelli <mkbucc@gmail.com>
 Mark Percival <m@mdp.im>
 Mark Pulford <mark@kyne.com.au>
+Mark Rushakoff <mark.rushakoff@gmail.com>
 Mark Severson <miquella@gmail.com>
 Mark Theunissen <mark.theunissen@gmail.com>
 Mark Wolfe <mark@wolfe.id.au>
@@ -742,6 +852,7 @@ Martin Bertschler <mbertschler@gmail.com>
 Martin Garton <garton@gmail.com>
 Martin Hamrle <martin.hamrle@gmail.com>
 Martin Hoefling <martin.hoefling@gmx.de>
+Martin Kunc <martinkunc@users.noreply.github.com>
 Martin Lindhe <martin.j.lindhe@gmail.com>
 Martin Möhrmann <martisch@uos.de>
 Martin Neubauer <m.ne@gmx.net>
@@ -756,6 +867,7 @@ Masahiro Furudate <masahiro.furudate@gmail.com>
 Masahiro Wakame <vvakame@gmail.com>
 Masaki Yoshida <yoshida.masaki@gmail.com>
 Mat Byczkowski <mbyczkowski@gmail.com>
+Mat Ryer <thatmatryer@gmail.com>
 Máté Gulyás <mgulyas86@gmail.com>
 Matej Baćo <matejbaco@gmail.com>
 Mateus Amin <mateus.amin@gmail.com>
@@ -773,6 +885,7 @@ Matt Drollette <matt@drollette.com>
 Matt Harden <matt.harden@gmail.com>
 Matt Jibson <matt.jibson@gmail.com>
 Matt Joiner <anacrolix@gmail.com>
+Matt Juran <thepciet@gmail.com>
 Matt Layher <mdlayher@gmail.com>
 Matt Reiferson <mreiferson@gmail.com>
 Matt Robenolt <matt@ydekproductions.com>
@@ -803,15 +916,18 @@ Mhd Sulhan <m.shulhan@gmail.com>
 Micah Stetson <micah.stetson@gmail.com>
 Michael Brandenburg <mbrandenburg@bolste.com>
 Michael Chaten <mchaten@gmail.com>
+Michael Dorner <mail@michaeldorner.de>
 Michael Edwards <medwards@walledcity.ca>
 Michael Elkins <michael.elkins@gmail.com>
 Michael Fraenkel <michael.fraenkel@gmail.com>
 Michael Gehring <mg@ebfe.org> <gnirheg.leahcim@gmail.com>
 Michael Hendricks <michael@ndrix.org>
 Michael Hoisie <hoisie@gmail.com>
+Michael Kasch <michael.kasch@gmail.com>
 Michael Käufl <golang@c.michael-kaeufl.de>
 Michael Lewis <mikelikespie@gmail.com>
 Michael MacInnis <Michael.P.MacInnis@gmail.com>
+Michael Marineau <mike@marineau.org>
 Michael McConville <momcconville@gmail.com>
 Michael McLoughlin <mmcloughlin@gmail.com>
 Michael Pearson <mipearson@gmail.com>
@@ -823,6 +939,7 @@ Michael Teichgräber <mteichgraeber@gmx.de>
 Michael Vetter <g.bluehut@gmail.com>
 Michal Bohuslávek <mbohuslavek@gmail.com>
 Michał Derkacz <ziutek@lnet.pl>
+Michal Franc <lam.michal.franc@gmail.com>
 Michal Pristas <michal.pristas@gmail.com>
 Miek Gieben <miek@miek.nl>
 Miguel Mendez <stxmendez@gmail.com>
@@ -833,16 +950,21 @@ Mikael Tillenius <mikti42@gmail.com>
 Mike Andrews <mra@xoba.com>
 Mike Appleby <mike@app.leby.org>
 Mike Houston <mike@kothar.net>
+Mike Kabischev <kabischev@gmail.com>
 Mike Rosset <mike.rosset@gmail.com>
+Mike Tsao <mike@sowbug.com>
 Mikhail Gusarov <dottedmag@dottedmag.net>
 Mikhail Panchenko <m@mihasya.com>
 Miki Tebeka <miki.tebeka@gmail.com>
 Mikio Hara <mikioh.mikioh@gmail.com>
 Mikkel Krautz <mikkel@krautz.dk>
 Milutin Jovanović <jovanovic.milutin@gmail.com>
+MinJae Kwon <mingrammer@gmail.com>
 Miquel Sabaté Solà <mikisabate@gmail.com>
 Miroslav Genov <mgenov@gmail.com>
+Misty De Meo <mistydemeo@gmail.com>
 Mohit Agarwal <mohit@sdf.org>
+Mohit kumar Bajoria <mohitbajo36@gmail.com>
 Momchil Velikov <momchil.velikov@gmail.com>
 Monty Taylor <mordred@inaugust.com>
 Moov Corporation
@@ -855,6 +977,8 @@ Muhammed Uluyol <uluyol0@gmail.com>
 Mura Li <mura_li@castech.com.tw>
 Nan Deng <monnand@gmail.com>
 Naoki Kanatani <k12naoki@gmail.com>
+Nate Wilkinson <nathanwilk7@gmail.com>
+Nathan Cantelmo <n.cantelmo@gmail.com>
 Nathan Caza <mastercactapus@gmail.com>
 Nathan Humphreys <nkhumphreys@gmail.com>
 Nathan John Youngman <nj@nathany.com>
@@ -863,10 +987,12 @@ Nathan P Finch <nate.finch@gmail.com>
 Nathan VanBenschoten <nvanbenschoten@gmail.com>
 Nathan Youngman <git@nathany.com>
 Nathaniel Cook <nvcook42@gmail.com>
+Naveen Kumar Sangi <naveenkumarsangi@protonmail.com>
 Neelesh Chandola <neelesh.c98@gmail.com>
 Neil Lyons <nwjlyons@googlemail.com>
 Netflix, Inc.
 Neuman Vong <neuman.vong@gmail.com>
+Neven Sajko <nsajko@gmail.com>
 Nevins Bartolomeo <nevins.bartolomeo@gmail.com>
 Nexedi
 ngmoco, LLC
@@ -883,18 +1009,22 @@ Nick Miyake <nmiyake@users.noreply.github.com>
 Nick Patavalis <nick.patavalis@gmail.com>
 Nick Petroni <npetroni@cs.umd.edu>
 Nick Robinson <nrobinson13@gmail.com>
+Nick Smolin <nick27surgut@gmail.com>
 Nicolas BRULEZ <n.brulez@gmail.com>
 Nicolas Kaiser <nikai@nikai.net>
 Nicolas Owens <mischief@offblast.org>
 Nicolas S. Dade <nic.dade@gmail.com>
+Niek Sanders <niek.sanders@gmail.com>
 Niels Widger <niels.widger@gmail.com>
 Nigel Kerr <nigel.kerr@gmail.com>
 Nik Nyby <nnyby@columbia.edu>
+Nikhil Benesch <nikhil.benesch@gmail.com>
 Niklas Schnelle <niklas.schnelle@gmail.com>
 Niko Dziemba <niko@dziemba.com>
 Nikolay Turpitko <nikolay@turpitko.com>
 Nils Larsgård <nilsmagnus@gmail.com>
 Niranjan Godbole <niranjan8192@gmail.com>
+Nishanth Shanmugham <nishanth.gerrard@gmail.com>
 Noah Campbell <noahcampbell@gmail.com>
 Noble Johnson <noblepoly@gmail.com>
 Norberto Lopes <nlopes.ml@gmail.com>
@@ -911,10 +1041,13 @@ Olivier Poitrey <rs@dailymotion.com>
 Olivier Saingre <osaingre@gmail.com>
 Oracle
 Orange
+Orijtech, Inc.
 Özgür Kesim <oec-go@kesim.org>
 Pablo Lalloni <plalloni@gmail.com>
+Pablo Rozas Larraondo <pablo.larraondo@anu.edu.au>
 Pablo Santiago Blum de Aguiar <scorphus@gmail.com>
 Padraig Kitterick <padraigkitterick@gmail.com>
+Pallat Anchaleechamaikorn <yod.pallat@gmail.com>
 Palm Stone Games
 Paolo Giarrusso <p.giarrusso@gmail.com>
 Paolo Martini <mrtnpaolo@gmail.com>
@@ -941,6 +1074,7 @@ Paul Rosania <paul.rosania@gmail.com>
 Paul Ruest <pruest@gmail.com>
 Paul Sbarra <Sbarra.Paul@gmail.com>
 Paul Smith <paulsmith@pobox.com> <paulsmith@gmail.com>
+Paul Tyng <paul@paultyng.net>
 Paul van Brouwershaven <paul@vanbrouwershaven.com>
 Paulo Casaretto <pcasaretto@gmail.com>
 Pavel Paulau <pavel.paulau@gmail.com>
@@ -952,6 +1086,7 @@ Perry Abbott <perry.j.abbott@gmail.com>
 Petar Maymounkov <petarm@gmail.com>
 Peter Armitage <peter.armitage@gmail.com>
 Peter Bourgon <peter@bourgon.org>
+Peter Conerly <pconerly@gmail.com>
 Peter Froehlich <peter.hans.froehlich@gmail.com>
 Peter Kleiweg <pkleiweg@xs4all.nl>
 Peter Moody <pmoody@uber.com>
@@ -964,14 +1099,20 @@ Peter Waldschmidt <peter@waldschmidt.com>
 Peter Waller <peter.waller@gmail.com>
 Peter Williams <pwil3058@gmail.com>
 Petrica Voicu <pvoicu@paypal.com>
+Phil Pearl <philip.j.r.pearl@gmail.com>
 Philip Børgesen <philip.borgesen@gmail.com>
+Philip Brown <phil@bolthole.com>
 Philip Hofer <phofer@umich.edu>
 Philip K. Warren <pkwarren@gmail.com>
+Philip Nelson <me@pnelson.ca>
 Pierre Durand <pierredurand@gmail.com>
+Pierre Prinetti <pierreprinetti@gmail.com>
 Pierre Roullon <pierre.roullon@gmail.com>
 Piers <google@hellopiers.pro>
 Pieter Droogendijk <pieter@binky.org.uk>
 Pietro Gagliardi <pietro10@mac.com>
+Piyush Mishra <piyush@codeitout.com>
+Platform.sh
 Pontus Leitzler <leitzler@gmail.com>
 Prashant Varanasi <prashant@prashantv.com>
 Pravendra Singh <hackpravj@gmail.com>
@@ -995,6 +1136,7 @@ Rajender Reddy Kompally <rajenderreddykompally@gmail.com>
 Ralph Corderoy <ralph@inputplus.co.uk>
 Ramazan AYYILDIZ <rayyildiz@gmail.com>
 Raphael Geronimi <raphael.geronimi@gmail.com>
+Ravil Bikbulatov <weeellz12@gmail.com>
 RaviTeja Pothana <ravi.tezu@gmail.com>
 Ray Tung <rtung@thoughtworks.com>
 Raymond Kazlauskas <raima220@gmail.com>
@@ -1003,6 +1145,7 @@ Reilly Watson <reillywatson@gmail.com>
 Reinaldo de Souza Jr <juniorz@gmail.com>
 Remi Gillig <remigillig@gmail.com>
 Rémy Oudompheng <oudomphe@phare.normalesup.org>
+Rens Rikkerink <Ikkerens@users.noreply.github.com>
 Ricardo Padilha <ricardospadilha@gmail.com>
 Richard Barnes <rlb@ipv.sx>
 Richard Crowley <r@rcrowley.org>
@@ -1022,7 +1165,10 @@ Robert Figueiredo <robfig@gmail.com>
 Robert Hencke <robert.hencke@gmail.com>
 Robert Obryk <robryk@gmail.com>
 Robert Stepanek <robert.stepanek@gmail.com>
+Robert-André Mauchin <zebob.m@gmail.com>
+Roberto Clapis <robclap8@gmail.com>
 Robin Eklind <r.eklind.87@gmail.com>
+Rodolfo Carvalho <rhcarvalho@gmail.com>
 Rodrigo Moraes de Oliveira <rodrigo.moraes@gmail.com>
 Rodrigo Rafael Monti Kochenburger <divoxx@gmail.com>
 Roger Pau Monné <royger@gmail.com>
@@ -1033,24 +1179,30 @@ Ron Hashimoto <mail@h2so5.net>
 Ron Minnich <rminnich@gmail.com>
 Ross Chater <rdchater@gmail.com>
 Ross Light <rlight2@gmail.com>
+Rowan Marshall <rowanajmarshall@gmail.com>
 Rowan Worth <sqweek@gmail.com>
 Rudi Kramer <rudi.kramer@gmail.com>
 Russell Haering <russellhaering@gmail.com>
 Ryan Bagwell <ryanbagwell@outlook.com>
 Ryan Boehning <ryan.boehning@apcera.com>
+Ryan Canty <jrcanty@gmail.com>
 Ryan Hitchman <hitchmanr@gmail.com>
 Ryan Lower <rpjlower@gmail.com>
+Ryan Roden-Corrent <ryan@rcorre.net>
 Ryan Seys <ryan@ryanseys.com>
 Ryan Slade <ryanslade@gmail.com>
 Ryoichi KATO <ryo1kato@gmail.com>
 Ryuji Iwata <qt.luigi@gmail.com>
+Ryuma Yoshida <ryuma.y1117@gmail.com>
 Ryuzo Yamamoto <ryuzo.yamamoto@gmail.com>
 S.Çağlar Onur <caglar@10ur.org>
+Sabin Mihai Rapan <sabin.rapan@gmail.com>
 Sakeven Jiang <jc5930@sina.cn>
 Salmān Aljammāz <s@0x65.net>
 Sam Boyer <tech@samboyer.org>
 Sam Hug <samuel.b.hug@gmail.com>
 Sam Whited <sam@samwhited.com>
+Sami Pönkänen <sami.ponkanen@gmail.com>
 Samuele Pedroni <pedronis@lucediurna.net>
 Sanjay Menakuru <balasanjay@gmail.com>
 Sascha Brawer <sascha@brawer.ch>
@@ -1066,17 +1218,21 @@ Sébastien Paolacci <sebastien.paolacci@gmail.com>
 Seiji Takahashi <timaki.st@gmail.com>
 Sergei Skorobogatov <skorobo@rambler.ru>
 Sergey 'SnakE'  Gromov <snake.scaly@gmail.com>
+Sergey Lukjanov <me@slukjanov.name>
 Sergey Mishin <sergeymishine@gmail.com>
+Sergey Mudrik <sergey.mudrik@gmail.com>
 Sergey Semin <gray12511@gmail.com>
 Sergio Luis O. B. Correia <sergio@correia.cc>
 Sergiusz Bazanski <bazanski@gmail.com>
 Seth Hoenig <seth.a.hoenig@gmail.com>
 Seth Vargo <sethvargo@gmail.com>
 Shahar Kohanim <skohanim@gmail.com>
+Shamil Garatuev <garatuev@gmail.com>
 Shane Hansen <shanemhansen@gmail.com>
 Shaozhen Ding <dsz0111@gmail.com>
 Shawn Smith <shawn.p.smith@gmail.com>
 Shenghou Ma <minux.ma@gmail.com>
+Shengyu Zhang <shengyu.zhang@chaitin.com>
 Shi Han Ng <shihanng@gmail.com>
 Shinji Tanaka <shinji.tanaka@gmail.com>
 Shintaro Kaneko <kaneshin0120@gmail.com>
@@ -1097,8 +1253,10 @@ Sridhar Venkatakrishnan <sridhar@laddoo.net>
 StalkR <stalkr@stalkr.net>
 Stan Schwertly <stan@schwertly.com>
 Stanislav Afanasev <php.progger@gmail.com>
+Steeve Morin <steeve.morin@gmail.com>
 Stefan Nilsson <snilsson@nada.kth.se> <trolleriprofessorn@gmail.com>
 Stéphane Travostino <stephane.travostino@gmail.com>
+Stephen Lewis <stephen@sock.org.uk>
 Stephen McQuay <stephen@mcquay.me>
 Stephen Searles <stephens2424@gmail.com>
 Stephen Weinberg <stephen@q5comm.com>
@@ -1113,6 +1271,7 @@ Steven Wilkin <stevenwilkin@gmail.com>
 Stripe, Inc.
 Sukrit Handa <sukrit.handa@utoronto.ca>
 Sunny <me@darkowlzz.space>
+Suriyaa Sundararuban <suriyaasundararuban@gmail.com>
 Suyash <dextrous93@gmail.com>
 Sven Almgren <sven@tras.se>
 Sylvain Zimmer <sylvain@sylvainzimmer.com>
@@ -1121,6 +1280,7 @@ Szabolcs Nagy <nsz@port70.net>
 Tad Fisher <tadfisher@gmail.com>
 Tad Glines <tad.glines@gmail.com>
 Taj Khattra <taj.khattra@gmail.com>
+Takayoshi Nishida <takayoshi.nishida@gmail.com>
 Takeshi YAMANASHI <9.nashi@gmail.com>
 Takuya Ueda <uedatakuya@gmail.com>
 Tal Shprecher <tshprecher@gmail.com>
@@ -1130,22 +1290,28 @@ Tarmigan Casebolt <tarmigan@gmail.com>
 Taro Aoki <aizu.s1230022@gmail.com>
 Taru Karttunen <taruti@taruti.net>
 Tatsuhiro Tsujikawa <tatsuhiro.t@gmail.com>
+Teague Cole <tnc1443@gmail.com>
 Ted Kornish <golang@tedkornish.com>
+Tejasvi Nareddy <tejunareddy@gmail.com>
 Teleport Inc.
 Terin Stock <terinjokes@gmail.com>
 Terrel Shumway <gopher@shumway.us>
 Tetsuo Kiso <tetsuokiso9@gmail.com>
+Thanabodee Charoenpiriyakij <wingyminus@gmail.com>
 Thanatat Tamtan <acoshift@gmail.com>
 Thiago Avelino <t@avelino.xxx>
 Thiago Fransosi Farina <thiago.farina@gmail.com>
 Thomas Alan Copeland <talan.copeland@gmail.com>
 Thomas Bonfort <thomas.bonfort@gmail.com>
+Thomas Bruyelle <thomas.bruyelle@gmail.com>
 Thomas de Zeeuw <thomasdezeeuw@gmail.com>
 Thomas Desrosiers <thomasdesr@gmail.com>
 Thomas Kappler <tkappler@gmail.com>
+Thomas Meson <zllak@hycik.org>
 Thomas Wanielista <tomwans@gmail.com>
 Thorben Krueger <thorben.krueger@gmail.com>
 Thordur Bjornsson <thorduri@secnorth.net>
+Tiago Queiroz <contato@tiago.eti.br>
 Tilman Dilo <tilman.dilo@gmail.com>
 Tim Cooijmans <timcooijmans@gmail.com>
 Tim Cooper <tim.cooper@layeh.com>
@@ -1162,20 +1328,25 @@ Tobias Klauser <tklauser@distanz.ch>
 Todd Neal <todd@tneal.org>
 Tom Heng <zhm20070928@gmail.com>
 Tom Levy <tomlevy93@gmail.com>
+Tom Limoncelli <tal@whatexit.org>
 Tom Linford <tomlinford@gmail.com>
+Tom Payne <twpayne@gmail.com>
 Tommy Schaefer <tommy.schaefer@teecom.com>
+Tomoya Ishizaki <zaq1tomo@gmail.com>
 Tonis Tiigi <tonistiigi@gmail.com>
 Tony Walker <walkert.uk@gmail.com>
 Tor Andersson <tor.andersson@gmail.com>
 Tormod Erevik Lea <tormodlea@gmail.com>
 Toshiki Shima <hayabusa1419@gmail.com>
 Totoro W <tw19881113@gmail.com>
+Travis Bischel <travis.bischel@gmail.com>
 Travis Cline <travis.cline@gmail.com>
 Trey Lawrence <lawrence.trey@gmail.com>
 Trey Roessig <trey.roessig@gmail.com>
 Trey Tacon <ttacon@gmail.com>
 Tristan Colgate <tcolgate@gmail.com>
 Tristan Ooohry <ooohry@gmail.com>
+Tristan Rice <rice@fn.lc>
 Troels Thomsen <troels@thomsen.io>
 Trung Nguyen <trung.n.k@gmail.com>
 Tudor Golubenco <tudor.g@gmail.com>
@@ -1183,6 +1354,7 @@ Tugdual Saunier <tugdual.saunier@gmail.com>
 Tuo Shan <sturbo89@gmail.com>
 Tyler Bunnell <tylerbunnell@gmail.com>
 Tyler Treat <ttreat31@gmail.com>
+Uber Technologies
 Ugorji Nwoke <ugorji@gmail.com>
 Ulf Holm Nielsen <doktor@dyregod.dk>
 Ulrich Kunitz <uli.kunitz@gmail.com>
@@ -1191,7 +1363,9 @@ Uriel Mangado <uriel@berlinblue.org>
 Vadim Grek <vadimprog@gmail.com>
 Vadim Vygonets <unixdj@gmail.com>
 Vendasta
+Veselkov Konstantin <kostozyb@gmail.com>
 Victor Vrantchan <vrancean+github@gmail.com>
+Vignesh Ramachandra <vickyramachandra@gmail.com>
 Vincent Ambo <tazjin@googlemail.com>
 Vincent Batts <vbatts@hashbangbash.com> <vbatts@gmail.com>
 Vincent Vanackere <vincent.vanackere@gmail.com>
@@ -1203,16 +1377,20 @@ Vladimir Nikishenko <vova616@gmail.com>
 Vladimir Stefanovic <vladimir.stefanovic@imgtec.com>
 Vladimir Varankin <nek.narqo@gmail.com>
 Volker Dobler <dr.volker.dobler@gmail.com>
+W. Trevor King <wking@tremily.us>
 Wade Simmons <wade@wades.im>
 Wander Lairson Costa <wcosta@mozilla.com>
+Wayne Ashley Berry <wayneashleyberry@gmail.com>
 Weaveworks
 Wèi Cōngruì <crvv.mail@gmail.com>
+Wei Fu <fhfuwei@163.com>
 Wei Guangjing <vcc.163@gmail.com>
 Weichao Tang <tevic.tt@gmail.com>
 Wembley G. Leach, Jr <wembley.gl@gmail.com>
 Will Faught <will.faught@gmail.com>
 Will Storey <will@summercat.com>
 Willem van der Schyff <willemvds@gmail.com>
+William Chang <mr.williamchang@gmail.com>
 William Josephson <wjosephson@gmail.com>
 William Orr <will@worrbase.com> <ay1244@gmail.com>
 Wisdom Omuya <deafgoat@gmail.com>
@@ -1222,34 +1400,44 @@ Xia Bin <snyh@snyh.org>
 Xing Xing <mikespook@gmail.com>
 Xu Fei <badgangkiller@gmail.com>
 Xudong Zhang <felixmelon@gmail.com>
+Xudong Zheng <7pkvm5aw@slicealias.com>
 Xuyang Kang <xuyangkang@gmail.com>
 Yahoo Inc.
+Yamagishi Kazutoshi <ykzts@desire.sh>
 Yann Kerhervé <yann.kerherve@gmail.com>
 Yann Salaün <yannsalaun1@gmail.com>
 Yao Zhang <lunaria21@gmail.com>
 Yasha Bubnov <girokompass@gmail.com>
 Yasuharu Goto <matope.ono@gmail.com>
 Yasuhiro Matsumoto <mattn.jp@gmail.com>
+Yasuyuki Oka <yasuyk@gmail.com>
+Yazen Shunnar <yazen.shunnar@gmail.com>
 Yestin Sun <ylh@pdx.edu>
 Yissakhar Z. Beck <yissakhar.beck@gmail.com>
 Yo-An Lin <yoanlin93@gmail.com>
 Yongjian Xu <i3dmaster@gmail.com>
 Yorman Arias <cixtords@gmail.com>
 Yoshiyuki Kanno <nekotaroh@gmail.com> <yoshiyuki.kanno@stoic.co.jp>
+Yoshiyuki Mineo <yoshiyuki.mineo@gmail.com>
 Yosuke Akatsuka <yosuke.akatsuka@gmail.com>
+Yuji Yaginuma <yuuji.yaginuma@gmail.com>
 Yukihiro Nishinaka <6elpinal@gmail.com>
+Yury Smolsky <yury@smolsky.by>
 Yusuke Kagiwada <block.rxckin.beats@gmail.com>
 Yuusei Kuwana <kuwana@kumama.org>
 Yuval Pavel Zholkover <paulzhol@gmail.com>
 Zac Bergquist <zbergquist99@gmail.com>
 Zach Bintliff <zbintliff@gmail.com>
 Zach Gershman <zachgersh@gmail.com>
+Zachary Gershman <zgershman@pivotal.io>
 Zak <zrjknill@gmail.com>
 Zakatell Kanda <hi@zkanda.io>
 Zellyn Hunter <zellyn@gmail.com>
 Zemanta d.o.o.
 Zev Goldstein <zev.goldstein@gmail.com>
+Zheng Dayu <davidzheng23@gmail.com>
 Zhongtao Chen <chenzhongtao@126.com>
+Zhou Peng <p@ctriple.cn>
 Ziad Hatahet <hatahet@gmail.com>
 Zorion Arrizabalaga <zorionk@gmail.com>
 Максим Федосеев <max.faceless.frei@gmail.com>
diff --git a/CONTRIBUTORS b/CONTRIBUTORS
index 5eed92af3d..c55b1c9a9f 100644
--- a/CONTRIBUTORS
+++ b/CONTRIBUTORS
@@ -38,18 +38,26 @@ Aaron Jacobs <jacobsa@google.com>
 Aaron Kemp <kemp.aaron@gmail.com>
 Aaron Torres <tcboox@gmail.com>
 Aaron Zinman <aaron@azinman.com>
+Aarti Parikh <aarti.parikh@gmail.com>
 Abe Haskins <abeisgreat@abeisgreat.com>
 Abhinav Gupta <abhinav.g90@gmail.com>
+Adam Azarchs <adam.azarchs@10xgenomics.com>
 Adam Bender <abender@google.com>
 Adam Eijdenberg <adam@continusec.com>
+Adam Harvey <aharvey@php.net>
 Adam Kisala <adam.kisala@gmail.com>
 Adam Langley <agl@golang.org>
+Adam Medzinski <adam.medzinski@gmail.com>
+Adam Shannon <adamkshannon@gmail.com>
+Adam Sindelar <adamsh@google.com>
 Adam Thomason <athomason@gmail.com>
+Adam Woodbeck <adam@woodbeck.net>
 Aditya Mukerjee <dev@chimeracoder.net>
 Adrian Hesketh <adrianhesketh@hushmail.com>
 Adrian Nos <nos.adrian@gmail.com>
 Adrian O'Grady <elpollouk@gmail.com>
 Adrien Bustany <adrien-xx-google@bustany.org>
+Adrien Petel <peteladrien@gmail.com>
 Aécio Júnior <aeciodantasjunior@gmail.com>
 Aeneas Rekkas (arekkas) <aeneas@ory.am>
 Afanasev Stanislav <phpprogger@gmail.com>
@@ -57,6 +65,7 @@ Agis Anastasopoulos <agis.anast@gmail.com>
 Agniva De Sarker <agnivade@yahoo.co.in>
 Ahmed Wahed <oneofone@gmail.com>
 Ahmet Alp Balkan <ahmetb@google.com>
+Ahmet Soormally <ahmet@mangomm.co.uk>
 Ahmy Yulrizka <yulrizka@gmail.com>
 Aiden Scandella <ai@uber.com>
 Ainar Garipov <gugl.zadolbal@gmail.com>
@@ -73,6 +82,7 @@ Alberto Bertogli <albertito@blitiri.com.ar>
 Alberto Donizetti <alb.donizetti@gmail.com>
 Alberto García Hierro <alberto@garciahierro.com> <alberto.garcia.hierro@gmail.com>
 Aleksandar Dezelin <dezelin@gmail.com>
+Alekseev Artem <a.artem060@gmail.com>
 Alessandro Arzilli <alessandro.arzilli@gmail.com>
 Alessandro Baffa <alessandro.baffa@gmail.com>
 Alex A Skinner <alex@lx.lc>
@@ -81,12 +91,14 @@ Alex Bramley <abramley@google.com>
 Alex Browne <stephenalexbrowne@gmail.com>
 Alex Carol <alex.carol.c@gmail.com>
 Alex Jin <toalexjin@gmail.com>
+Alex Myasoedov <msoedov@gmail.com>
 Alex Plugaru <alex@plugaru.org> <alexandru.plugaru@gmail.com>
 Alex Schroeder <alex@gnu.org>
 Alex Sergeyev <abc@alexsergeyev.com>
 Alex Vaghin <crhyme@google.com>
 Alexander Demakin <alexander.demakin@gmail.com>
 Alexander Döring <email@alexd.ch>
+Alexander F Rødseth <alexander.rodseth@appeartv.com>
 Alexander Guz <kalimatas@gmail.com>
 Alexander Kauer <alexander@affine.space>
 Alexander Kucherenko <alxkchr@gmail.com>
@@ -105,6 +117,7 @@ Alexandre Cesaro <alexandre.cesaro@gmail.com>
 Alexandre Fiori <fiorix@gmail.com>
 Alexandre Normand <alexandre.normand@gmail.com>
 Alexandre Parentea <aubonbeurre@gmail.com>
+Alexandre Viau <alexandre@alexandreviau.net>
 Alexandru Moșoi <brtzsnr@gmail.com>
 Alexei Sholik <alcosholik@gmail.com>
 Alexey Borzenkov <snaury@gmail.com>
@@ -113,6 +126,7 @@ Alexey Palazhchenko <alexey.palazhchenko@gmail.com>
 Alexis Hildebrandt <surryhill@gmail.com>
 Alexis Hunt <lexer@google.com>
 Alexis Imperial-Legrand <ail@google.com>
+Ali Rizvi-Santiago <arizvisa@gmail.com>
 Aliaksandr Valialkin <valyala@gmail.com>
 Alif Rachmawadi <subosito@gmail.com>
 Allan Simon <allan.simon@supinfo.com>
@@ -129,12 +143,14 @@ Andreas Auernhammer <aead@mail.de>
 Andreas Jellinghaus <andreas@ionisiert.de> <anj@google.com>
 Andreas Litt <andreas.litt@gmail.com>
 Andrei Korzhevskii <a.korzhevskiy@gmail.com>
+Andrei Tudor Călin <mail@acln.ro>
 Andrei Vieru <euvieru@gmail.com>
 Andres Erbsen <andreser@google.com>
 Andrew Austin <andrewaclt@gmail.com>
 Andrew Balholm <andybalholm@gmail.com>
 Andrew Benton <andrewmbenton@gmail.com>
 Andrew Bonventre <andybons@chromium.org>
+Andrew Braunstein <awbraunstein@gmail.com>
 Andrew Bursavich <abursavich@gmail.com>
 Andrew Ekstedt <andrew.ekstedt@gmail.com>
 Andrew Etter <andrew.etter@gmail.com>
@@ -160,11 +176,13 @@ Andrzej Żeżel <andrii.zhezhel@gmail.com>
 Andy Balholm <andy@balholm.com>
 Andy Davis <andy@bigandian.com>
 Andy Finkenstadt <afinkenstadt@zynga.com>
+Andy Lindeman <andy@lindeman.io>
 Andy Maloney <asmaloney@gmail.com>
 Andy Walker <walkeraj@gmail.com>
 Anfernee Yongkun Gui <anfernee.gui@gmail.com>
 Angelo Bulfone <mbulfone@gmail.com>
 Anh Hai Trinh <anh.hai.trinh@gmail.com>
+Anit Gandhi <anitgandhi@gmail.com>
 Anmol Sethi <anmol@aubble.com>
 Anschel Schaffer-Cohen <anschelsc@gmail.com>
 Anthony Alves <cvballa3g0@gmail.com>
@@ -176,6 +194,8 @@ Anthony Starks <ajstarks@gmail.com>
 Anthony Voutas <voutasaurus@gmail.com>
 Anthony Woods <awoods@raintank.io>
 Antoine Martin <antoine97.martin@gmail.com>
+Antonin Amand <antonin.amand@gmail.com>
+Antonio Antelo <aantelov87@gmail.com>
 Antonio Bibiano <antbbn@gmail.com>
 Antonio Murdaca <runcom@redhat.com>
 Antonio Troina <thoeni@gmail.com>
@@ -189,14 +209,18 @@ Arnaud Ysmal <arnaud.ysmal@gmail.com>
 Arne Hormann <arnehormann@gmail.com>
 Arnout Engelen <arnout@bzzt.net>
 Aron Nopanen <aron.nopanen@gmail.com>
+Arthur Khashaev <arthur@khashaev.ru>
 Artyom Pervukhin <artyom.pervukhin@gmail.com>
 Arvindh Rajesh Tamilmani <art@a-30.net>
+Ashish Gandhi <ag@ashishgandhi.org>
 Asim Shankar <asimshankar@gmail.com>
 Atin Malaviya <amalaviy@akamai.com>
 Ato Araki <ato.araki@gmail.com>
 Audrey Lim <audreylh@gmail.com>
+Audrius Butkevicius <audrius.butkevicius@gmail.com>
 Augusto Roman <aroman@gmail.com>
 Aulus Egnatius Varialus <varialus@gmail.com>
+Aurélien Rainone <aurelien.rainone@gmail.com>
 Austin Clements <austin@google.com> <aclements@csail.mit.edu>
 awaw fumin <awawfumin@gmail.com>
 Awn Umar <awn@cryptolosophy.io>
@@ -205,7 +229,9 @@ Ayanamist Yang <ayanamist@gmail.com>
 Aymerick Jéhanne <aymerick@jehanne.org>
 Baiju Muthukadan <baiju.m.mail@gmail.com>
 Balazs Lecz <leczb@google.com>
+Baokun Lee <nototon@gmail.com>
 Bartosz Grzybowski <melkorm@gmail.com>
+Bartosz Oler <brtsz@google.com>
 Bastian Ike <bastian.ike@gmail.com>
 Ben Burkert <ben@benburkert.com>
 Ben Eitzen <eitzenb@golang.org>
@@ -218,6 +244,8 @@ Ben Olive <sionide21@gmail.com>
 Ben Schwartz <bemasc@google.com>
 Ben Shi <powerman1st@163.com>
 Benjamin Black <b@b3k.us>
+Benjamin Cable <cable.benjamin@gmail.com>
+Benjamin Hsieh <tanookiben@users.noreply.github.com>
 Benjamin Prosnitz <bprosnitz@google.com>
 Benjamin Wester <bwester@squareup.com>
 Benny Siegert <bsiegert@gmail.com>
@@ -227,6 +255,7 @@ Bill Neubauer <wcn@golang.org> <wcn@google.com> <bill.neubauer@gmail.com>
 Bill O'Farrell <billo@ca.ibm.com>
 Bill Prin <waprin@google.com>
 Bill Thiede <couchmoney@gmail.com>
+Bill Zissimopoulos <billziss@navimatics.com>
 Billie Harold Cleek <bhcleek@gmail.com>
 Billy Lynch <wlynch@google.com>
 Bjorn Tillenius <bjorn@tillenius.me>
@@ -236,6 +265,8 @@ Blake Gentry <blakesgentry@gmail.com>
 Blake Mesdag <blakemesdag@gmail.com>
 Blake Mizerany <blake.mizerany@gmail.com>
 Blixt <me@blixt.nyc>
+Bob Briski <rbriski@gmail.com>
+Bob Potter <bobby.potter@gmail.com>
 Bobby Powers <bobbypowers@gmail.com>
 Boris Nagaev <nagaev@google.com>
 Borja Clemente <borja.clemente@gmail.com>
@@ -243,8 +274,10 @@ Brad Burch <brad.burch@gmail.com>
 Brad Fitzpatrick <bradfitz@golang.org> <bradfitz@gmail.com>
 Brad Garcia <bgarcia@golang.org>
 Brad Jones <rbjones@google.com>
+Brad Morgan <brad@morgabra.com>
 Brad Whitaker <bwhitaker@fastly.com>
 Braden Bassingthwaite <bbassingthwaite@vendasta.com>
+Bradley Falzon <brad@teambrad.net>
 Brady Catherman <brady@gmail.com>
 Brady Sullivan <brady@bsull.com>
 Brandon Bennett <bbennett@fb.com>
@@ -271,6 +304,7 @@ Bulat Gaifullin <gaifullinbf@gmail.com>
 Burak Guven <bguven@gmail.com>
 Caine Tighe <arctanofyourface@gmail.com>
 Caio Marcelo de Oliveira Filho <caio.oliveira@intel.com>
+Caleb Martinez <accounts@calebmartinez.com>
 Caleb Spare <cespare@gmail.com>
 Carl Chatfield <carlchatfield@gmail.com>
 Carl Henrik Lunde <chlunde@ifi.uio.no>
@@ -286,11 +320,13 @@ Carlos Eduardo Seo <cseo@linux.vnet.ibm.com>
 Carolyn Van Slyck <me@carolynvanslyck.com>
 Cary Hull <chull@google.com>
 Case Nelson <case.nelson@gmail.com>
+Casey Callendrello <squeed@gmail.com>
 Casey Marshall <casey.marshall@gmail.com>
 Catalin Nicutar <cnicutar@google.com>
 Catalin Patulea <catalinp@google.com>
 Cedric Staub <cs@squareup.com>
 Cezar Sá Espinola <cezarsa@gmail.com>
+Chad Rosier <mrosier.qdt@qualcommdatacenter.com>
 ChaiShushan <chaishushan@gmail.com>
 Charles Fenwick Elliott <Charles@FenwickElliott.io>
 Charles L. Dorian <cldorian@gmail.com>
@@ -299,6 +335,7 @@ Charles Weill <weill@google.com>
 Cherry Zhang <cherryyz@google.com>
 Chew Choon Keat <choonkeat@gmail.com>
 Cholerae Hu <choleraehyq@gmail.com>
+Chotepud Teo <AlexRouSg@users.noreply.github.com>
 Chris Ball <chris@printf.net>
 Chris Biscardi <chris@christopherbiscardi.com>
 Chris Broadfoot <cbro@golang.org>
@@ -310,17 +347,21 @@ Chris Hundt <hundt@google.com>
 Chris Jones <chris@cjones.org> <chris.jones.yar@gmail.com>
 Chris Kastorff <encryptio@gmail.com>
 Chris Lennert <calennert@gmail.com>
+Chris Liles <caveryliles@gmail.com>
 Chris Manghane <cmang@golang.org>
 Chris McGee <sirnewton_01@yahoo.ca> <newton688@gmail.com>
 Chris Raynor <raynor@google.com>
 Chris Roche <rodaine@gmail.com>
+Chris Smith <chrsmith@users.noreply.github.com>
 Chris Stockton <chrisstocktonaz@gmail.com>
 Chris Zou <chriszou@ca.ibm.com>
 Christian Alexander <christian@linux.com>
 Christian Couder <chriscool@tuxfamily.org>
 Christian Himpel <chressie@googlemail.com> <chressie@gmail.com>
+Christian Pellegrin <chri@evolware.org>
 Christine Hansmann <chhansmann@gmail.com>
 Christoffer Buchholz <christoffer.buchholz@gmail.com>
+Christoph Blecker <admin@toph.ca>
 Christoph Hack <christoph@tux21b.org>
 Christopher Cahoon <chris.cahoon@gmail.com>
 Christopher Guiney <chris@guiney.net>
@@ -342,9 +383,12 @@ Colin Edwards <colin@recursivepenguin.com>
 Colin Kennedy <moshen.colin@gmail.com>
 Conrad Irwin <conrad.irwin@gmail.com>
 Conrad Meyer <cemeyer@cs.washington.edu>
+Conrado Gouvea <conradoplg@gmail.com>
+Constantin Konstantinidis <constantinkonstantinidis@gmail.com>
 Corey Thomasson <cthom.lists@gmail.com>
 Cosmos Nicolaou <cnicolaou@google.com>
 Costin Chirvasuta <ctin@google.com>
+Craig Citro <craigcitro@google.com>
 Cristian Staretu <unclejacksons@gmail.com>
 Cuihtlauac ALVARADO <cuihtlauac.alvarado@orange.com>
 Cyrill Schumacher <cyrill@schumacher.fm>
@@ -352,7 +396,9 @@ Daisuke Fujita <dtanshi45@gmail.com>
 Daker Fernandes Pinheiro <daker.fernandes.pinheiro@intel.com>
 Damian Gryski <dgryski@gmail.com>
 Damien Lespiau <damien.lespiau@gmail.com> <damien.lespiau@intel.com>
+Damien Mathieu <42@dmathieu.com>
 Damien Neil <dneil@google.com>
+Damien Tournoud <damien@platform.sh>
 Dan Ballard <dan@mindstab.net>
 Dan Caddigan <goldcaddy77@gmail.com>
 Dan Callahan <dan.callahan@gmail.com>
@@ -369,6 +415,7 @@ Daniel Lidén <daniel.liden.87@gmail.com>
 Daniel Martí <mvdan@mvdan.cc>
 Daniel Morsing <daniel.morsing@gmail.com>
 Daniel Nadasi <dnadasi@google.com>
+Daniel Nephin <dnephin@gmail.com>
 Daniel Ortiz Pereira da Silva <daniel.particular@gmail.com>
 Daniel Skinner <daniel@dasa.cc>
 Daniel Speichert <daniel@speichert.pl>
@@ -378,6 +425,7 @@ Daniela Petruzalek <daniela.petruzalek@gmail.com>
 Danny Rosseau <daniel.rosseau@gmail.com>
 Daria Kolistratova <daria.kolistratova@intel.com>
 Darren Elwood <darren@textnode.com>
+Darshan Parajuli <parajulidarshan@gmail.com>
 Datong Sun <dndx@idndx.com>
 Dave Borowitz <dborowitz@google.com>
 Dave Bort <dbort@golang.org>
@@ -385,12 +433,14 @@ Dave Cheney <dave@cheney.net>
 Dave Day <djd@golang.org>
 Dave Grijalva <dgrijalva@ngmoco.com>
 Dave MacFarlane <driusan@gmail.com>
+Dave Russell <forfuncsake@gmail.com>
 David Anderson <danderson@google.com>
 David Barnett <dbarnett@google.com>
 David Benjamin <davidben@google.com>
 David Brophy <dave@brophy.uk>
 David Bürgin <676c7473@gmail.com>
 David Calavera <david.calavera@gmail.com>
+David Carlier <devnexen@gmail.com>
 David Chase <drchase@google.com>
 David Covert <davidhcovert@gmail.com>
 David Crawshaw <david.crawshaw@zentus.com> <crawshaw@google.com> <crawshaw@golang.org>
@@ -412,7 +462,9 @@ David Stainton <dstainton415@gmail.com>
 David Symonds <dsymonds@golang.org>
 David Thomas <davidthomas426@gmail.com>
 David Titarenco <david.titarenco@gmail.com>
+David Url <david@urld.io>
 David Volquartz Lebech <david@lebech.info>
+David Wimmer <davidlwimmer@gmail.com>
 Davies Liu <davies.liu@gmail.com>
 Davor Kapsa <davor.kapsa@gmail.com>
 Dean Prichard <dean.prichard@gmail.com>
@@ -420,20 +472,25 @@ Deepak Jois <deepak.jois@gmail.com>
 Denis Bernard <db047h@gmail.com>
 Denis Brandolini <denis.brandolini@gmail.com>
 Denis Nagorny <denis.nagorny@intel.com>
+Dennis Kuhnert <mail.kuhnert@gmail.com>
 Denys Honsiorovskyi <honsiorovskyi@gmail.com>
 Derek Buitenhuis <derek.buitenhuis@gmail.com>
 Derek Che <drc@yahoo-inc.com>
 Derek McGowan <derek@mcgstyle.net>
 Derek Parker <parkerderek86@gmail.com>
 Derek Shockey <derek.shockey@gmail.com>
+Dev Ojha <dojha12@gmail.com>
 Devon H. O'Dell <devon.odell@gmail.com>
 Dhaivat Pandit <dhaivatpandit@gmail.com>
 Dhananjay Nakrani <dhananjayn@google.com>
 Dhiru Kholia <dhiru.kholia@gmail.com>
+Dhruvdutt Jadhav <dhruvdutt.jadhav@gmail.com>
 Di Xiao <dixiao@google.com>
 Didier Spezia <didier.06@gmail.com>
 Dieter Plaetinck <dieter@raintank.io>
+Dimitri Sokolyuk <sokolyuk@gmail.com>
 Dimitri Tcaciuc <dtcaciuc@gmail.com>
+Diogo Pinela <diogoid7400@gmail.com>
 Dirk Gadsden <dirk@esherido.com>
 Diwaker Gupta <diwakergupta@gmail.com>
 Dmitri Popov <operator@cv.dp-net.com>
@@ -442,6 +499,7 @@ Dmitriy Dudkin <dudkin.dmitriy@gmail.com>
 Dmitriy Shelenin <deemok@googlemail.com> <deemok@gmail.com>
 Dmitriy Vyukov <dvyukov@google.com>
 Dmitry Chestnykh <dchest@gmail.com>
+Dmitry Doroginin <doroginin@gmail.com>
 Dmitry Savintsev <dsavints@gmail.com>
 Dmitry Yakunin <nonamezeil@gmail.com>
 Dominic Green <dominicgreen1@gmail.com>
@@ -463,6 +521,7 @@ Dvir Volk <dvir@everything.me> <dvirsky@gmail.com>
 Dylan Waits <dylan@waits.io>
 Edan Bedrik <3d4nb3@gmail.com>
 Eden Li <eden.li@gmail.com>
+Eduardo Ramalho <eduardo.ramalho@gmail.com>
 Edward Muller <edwardam@interlix.com>
 Egon Elbre <egonelbre@gmail.com>
 Ehren Kret <ehren.kret@gmail.com>
@@ -476,26 +535,32 @@ Emerson Lin <linyintor@gmail.com>
 Emil Hessman <emil@hessman.se>
 Emilien Kenler <hello@emilienkenler.com>
 Emmanuel Odeke <emm.odeke@gmail.com> <odeke@ualberta.ca>
+Eno Compton <enocom@google.com>
 Eoghan Sherry <ejsherry@gmail.com>
 Eric Chiang <eric.chiang.m@gmail.com>
 Eric Clark <zerohp@gmail.com>
+Eric Daniels <eric@erdaniels.com>
 Eric Engestrom <eric@engestrom.ch>
 Eric Garrido <ekg@google.com>
 Eric Koleda <ekoleda+devrel@google.com>
 Eric Lagergren <ericscottlagergren@gmail.com>
 Eric Milliken <emilliken@gmail.com>
+Eric Pauley <eric@pauley.me>
 Eric Rescorla <ekr@rtfm.com>
 Eric Roshan-Eisner <eric.d.eisner@gmail.com>
+Eric Rykwalder <e.rykwalder@gmail.com>
 Erik Aigner <aigner.erik@gmail.com>
 Erik Dubbelboer <erik@dubbelboer.com>
 Erik St. Martin <alakriti@gmail.com>
 Erik Staab <estaab@google.com>
 Erik Westrup <erik.westrup@gmail.com>
 Ernest Chiang <ernest_chiang@htc.com>
+Erwin Oegema <blablaechthema@hotmail.com>
 Esko Luontola <esko.luontola@gmail.com>
 Ethan Burns <eaburns@google.com>
 Ethan Miller <eamiller@us.ibm.com>
 Euan Kemp <euank@euank.com>
+Eugene Kalinin <e.v.kalinin@gmail.com>
 Evan Broder <evan@stripe.com>
 Evan Brown <evanbrown@google.com>
 Evan Hicks <evan.hicks2@gmail.com>
@@ -522,7 +587,9 @@ Federico Simoncelli <fsimonce@redhat.com>
 Fedor Indutny <fedor@indutny.com>
 Felipe Oliveira <felipeweb.programador@gmail.com>
 Felix Geisendörfer <haimuiba@gmail.com>
+Felix Kollmann <fk@konsorten.de>
 Filip Gruszczyński <gruszczy@gmail.com>
+Filip Haglund <drathier@users.noreply.github.com>
 Filippo Valsorda <filippo@golang.org> <filippo@cloudflare.com> <hi@filippo.io>
 Firmansyah Adiputra <frm.adiputra@gmail.com>
 Florian Uekermann <florian@uekermann-online.de> <f1@uekermann-online.de>
@@ -534,11 +601,14 @@ Francesc Campoy <campoy@golang.org>
 Francisco Claude <fclaude@recoded.cl>
 Francisco Rojas <francisco.rojas.gallegos@gmail.com>
 Francisco Souza <franciscossouza@gmail.com>
+Frank Schroeder <frank.schroeder@gmail.com>
 Frank Somers <fsomers@arista.com>
 Frederic Guillot <frederic.guillot@gmail.com>
 Frederick Kelly Mayle III <frederickmayle@gmail.com>
+Frederik Ring <frederik.ring@gmail.com>
 Fredrik Enestad <fredrik.enestad@soundtrackyourbrand.com>
 Fredrik Forsmo <fredrik.forsmo@gmail.com>
+Fredrik Wallgren <fredrik.wallgren@gmail.com>
 Frithjof Schulze <schulze@math.uni-hannover.de> <sfrithjof@gmail.com>
 Frits van Bommel <fvbommel@gmail.com>
 Fumitoshi Ukai <ukai@google.com>
@@ -554,14 +624,17 @@ Gary Burd <gary@beagledreams.com> <gary.burd@gmail.com>
 Gary Elliott <garyelliott@google.com>
 Gaurish Sharma <contact@gaurishsharma.com>
 Gautham Thambidorai <gautham.dorai@gmail.com>
+Gauthier Jolly <gauthier.jolly@gmail.com>
 Geert-Johan Riemer <gjr19912@gmail.com>
 Gengliang Wang <ltnwgl@gmail.com>
 Geoff Berry <gberry.qdt@qualcommdatacenter.com>
 Geoffroy Lorieux <lorieux.g@gmail.com>
+Geon Kim <geon0250@gmail.com>
 Georg Reinke <guelfey@gmail.com>
 George Gkirtsou <ggirtsou@gmail.com>
 George Shammas <george@shamm.as> <georgyo@gmail.com>
 Gerasimos Dimitriadis <gedimitr@gmail.com>
+Getulio Sánchez <valentin2507@gmail.com>
 Gideon Jan-Wessel Redelinghuys <gjredelinghuys@gmail.com>
 Giles Lean <giles.lean@pobox.com>
 Giovanni Bajo <rasky@develer.com>
@@ -575,8 +648,10 @@ Graham Miller <graham.miller@gmail.com>
 Grant Griffiths <ggp493@gmail.com>
 Greg Poirier <greg.istehbest@gmail.com>
 Greg Ward <greg@gerg.ca>
+Grégoire Delattre <gregoire.delattre@gmail.com>
 Gregory Man <man.gregory@gmail.com>
 Guilherme Garnier <guilherme.garnier@gmail.com>
+Guilherme Goncalves <guilhermeaugustosg@gmail.com>
 Guilherme Rezende <guilhermebr@gmail.com>
 Guillaume J. Charmes <guillaume@charmes.net>
 Guobiao Mei <meiguobiao@gmail.com>
@@ -592,6 +667,7 @@ Hallgrimur Gunnarsson <halg@google.com>
 Han-Wen Nienhuys <hanwen@google.com>
 Hang Qian <hangqian90@gmail.com>
 Hanjun Kim <hallazzang@gmail.com>
+Harald Nordgren <haraldnordgren@gmail.com>
 Hari haran <hariharan.uno@gmail.com>
 Hariharan Srinath <srinathh@gmail.com>
 Harley Laue <losinggeneration@gmail.com>
@@ -607,6 +683,7 @@ Henrik Hodne <henrik@hodne.io>
 Henry Adi Sumarto <henry.adisumarto@gmail.com>
 Henry Bubert <google@mindeco.de>
 Henry Chang <mr.changyuheng@gmail.com>
+Henry Clifford <h.a.clifford@gmail.com>
 Herbert Georg Fischer <herbert.fischer@gmail.com>
 Herbie Ong <herbie@google.com>
 Heschi Kreinick <heschi@google.com>
@@ -624,6 +701,7 @@ Hsin-Ho Yeh <yhh92u@gmail.com>
 Hu Keping <hukeping@huawei.com>
 Hugues Bruant <hugues.bruant@gmail.com>
 Hyang-Ah Hana Kim <hakim@google.com> <hyangah@gmail.com>
+Ian Cottrell <iancottrell@google.com>
 Ian Gudger <ian@loosescre.ws>
 Ian Kent <iankent85@gmail.com>
 Ian Lance Taylor <iant@golang.org>
@@ -637,14 +715,18 @@ Igor Vashyst <ivashyst@gmail.com>
 Ilya Tocar <ilya.tocar@intel.com>
 INADA Naoki <songofacandy@gmail.com>
 Inanc Gumus <m@inanc.io>
+Ingo Gottwald <in.gottwald@gmail.com>
 Ingo Krabbe <ikrabbe.ask@gmail.com>
 Ingo Oeser <nightlyone@googlemail.com> <nightlyone@gmail.com>
+Ioannis Georgoulas <geototti21@hotmail.com>
 Irieda Noboru <irieda@gmail.com>
 Isaac Wagner <ibw@isaacwagner.me>
 Iskander Sharipov <iskander.sharipov@intel.com> <quasilyte@gmail.com>
+Issac Trotts <issactrotts@google.com>
 Ivan Babrou <ivan@cloudflare.com>
 Ivan Bertona <ivan.bertona@gmail.com>
 Ivan Krasin <krasin@golang.org>
+Ivan Markin <sw@nogoegst.net>
 Ivan Moscoso <moscoso@gmail.com>
 Ivan Ukhov <ivan.ukhov@gmail.com>
 Jaana Burcu Dogan <jbd@google.com> <jbd@golang.org> <burcujdogan@gmail.com>
@@ -654,6 +736,7 @@ Jacob H. Haven <jacob@cloudflare.com>
 Jacob Hoffman-Andrews <github@hoffman-andrews.com>
 Jae Kwon <jae@tendermint.com>
 Jakob Borg <jakob@nym.se>
+Jakob Weisblat <jakobw@mit.edu>
 Jakub Čajka <jcajka@redhat.com>
 Jakub Ryszard Czarnowicz <j.czarnowicz@gmail.com>
 James Aguilar <jaguilar@google.com>
@@ -691,10 +774,12 @@ Jan H. Hosang <jan.hosang@gmail.com>
 Jan Kratochvil <jan.kratochvil@redhat.com>
 Jan Mercl <0xjnml@gmail.com> <befelemepeseveze@gmail.com>
 Jan Newmarch <jan.newmarch@gmail.com>
+Jan Pilzer <jan.pilzer@gmx.de>
 Jan Ziak <0xe2.0x9a.0x9b@gmail.com>
 Jani Monoses <jani.monoses@ubuntu.com> <jani.monoses@gmail.com>
 Jared Culp <jculp14@gmail.com>
 Jaroslavas Počepko <jp@webmaster.ms>
+Jason A. Donenfeld <Jason@zx2c4.com>
 Jason Barnett <jason.w.barnett@gmail.com>
 Jason Buberel <jbuberel@google.com>
 Jason Chu <jasonchujc@gmail.com>
@@ -703,9 +788,12 @@ Jason Hall <jasonhall@google.com>
 Jason Smale <jsmale@zendesk.com>
 Jason Travis <infomaniac7@gmail.com>
 Jason Wangsadinata <jwangsadinata@gmail.com>
+Javier Kohen <jkohen@google.com>
 Javier Segura <javism@gmail.com>
 Jay Conrod <jayconrod@google.com>
 Jay Weisskopf <jay@jayschwa.net>
+Jean de Klerk <deklerk@google.com>
+Jean-André Santoni <jean.andre.santoni@gmail.com>
 Jean-Francois Cantin <jfcantin@gmail.com>
 Jean-Marc Eurin <jmeurin@google.com>
 Jean-Nicolas Moal <jn.moal@gmail.com>
@@ -713,6 +801,7 @@ Jed Denlea <jed@fastly.com>
 Jeet Parekh <jeetparekh96@gmail.com>
 Jeff (Zhefu) Jiang <jeffjiang@google.com>
 Jeff Craig <jeffcraig@google.com>
+Jeff Dupont <jeff.dupont@gmail.com>
 Jeff Hodges <jeff@somethingsimilar.com>
 Jeff Johnson <jrjohnson@google.com>
 Jeff R. Allen <jra@nella.org> <jeff.allen@gmail.com>
@@ -725,14 +814,17 @@ Jeremiah Harmsen <jeremiah@google.com>
 Jeremy Jackins <jeremyjackins@gmail.com>
 Jeremy Schlatter <jeremy.schlatter@gmail.com>
 Jeroen Bobbeldijk <jerbob92@gmail.com>
+Jerrin Shaji George <jerrinsg@gmail.com>
 Jess Frazelle <me@jessfraz.com>
 Jesse Szwedko <jesse.szwedko@gmail.com>
+Jesús Espino <jespinog@gmail.com>
 Jianing Yu <jnyu@google.com>
 Jianqiao Li <jianqiaoli@google.com>
 Jihyun Yu <yjh0502@gmail.com>
 Jim Cote <jfcote87@gmail.com>
 Jim Kingdon <jim@bolt.me>
 Jim McGrath <jimmc2@gmail.com>
+Jim Minter <jminter@redhat.com>
 Jimmy Frasche <soapboxcicero@gmail.com>
 Jimmy Zelinskie <jimmyzelinskie@gmail.com>
 Jin-wook Jeong <jeweljar@hanmail.net>
@@ -742,6 +834,7 @@ Jiong Du <londevil@gmail.com>
 Jirka Daněk <dnk@mail.muni.cz>
 Jiulong Wang <jiulongw@gmail.com>
 Joakim Sernbrant <serbaut@gmail.com>
+Joe Cortopassi <joe@joecortopassi.com>
 Joe Farrell <joe2farrell@gmail.com>
 Joe Harrison <joehazzers@gmail.com>
 Joe Henke <joed.henke@gmail.com>
@@ -763,10 +856,12 @@ John Beisley <huin@google.com>
 John C Barstow <jbowtie@amathaine.com>
 John DeNero <denero@google.com>
 John Dethridge <jcd@golang.org>
+John Gibb <johngibb@gmail.com>
 John Graham-Cumming <jgc@jgc.org> <jgrahamc@gmail.com>
 John Howard Palevich <jack.palevich@gmail.com>
 John Jeffery <jjeffery@sp.com.au>
 John Jenkins <twodopeshaggy@gmail.com>
+John Leidegren <john.leidegren@gmail.com>
 John Newlin <jnewlin@google.com>
 John Potocny <johnp@vividcortex.com>
 John R. Lenton <jlenton@gmail.com>
@@ -775,14 +870,17 @@ John Shahid <jvshahid@gmail.com>
 John Tuley <john@tuley.org>
 Johnny Luo <johnnyluo1980@gmail.com>
 Jon Chen <jchen@justin.tv>
+Jonas Bernoulli <jonas@bernoul.li>
 Jonathan Allie <jonallie@google.com>
 Jonathan Amsterdam <jba@google.com>
 Jonathan Boulle <jonathanboulle@gmail.com>
+Jonathan Chen <dijonkitchen@users.noreply.github.com>
 Jonathan Feinberg <feinberg@google.com>
 Jonathan Gold <jgold.bg@gmail.com>
 Jonathan Hseu <jhseu@google.com>
 Jonathan Mark <jhmark@xenops.com> <jhmark000@gmail.com>
 Jonathan Nieder <jrn@google.com>
+Jonathan Pentecost <pentecostjonathan@gmail.com>
 Jonathan Pittman <jmpittman@google.com> <jonathan.mark.pittman@gmail.com>
 Jonathan Rudenberg <jonathan@titanous.com>
 Jonathan Stacks <jonstacks13@gmail.com>
@@ -803,6 +901,7 @@ Josh Goebel <dreamer3@gmail.com>
 Josh Hoak <jhoak@google.com>
 Josh Holland <jrh@joshh.co.uk>
 Josh Roppo <joshroppo@gmail.com>
+Josh Varga <josh.varga@gmail.com>
 Joshua Boelter <joshua.boelter@intel.com>
 Joshua Chase <jcjoshuachase@gmail.com>
 Joshua Rubin <joshua@rubixconsulting.com>
@@ -817,11 +916,14 @@ Julia Hansbrough <flowerhack@google.com>
 Julian Kornberger <jk+github@digineo.de>
 Julian Pastarmov <pastarmovj@google.com>
 Julian Phillips <julian@quantumfyre.co.uk>
+Julien Salleyron <julien.salleyron@gmail.com>
 Julien Schmidt <google@julienschmidt.com>
 Julio Montes <julio.montes@intel.com>
+Junda Liu <junda@celer.network>
 Jungho Ahn <jhahn@google.com>
 Junya Hayashi <ledmonster@gmail.com>
 Jure Ham <jure.ham@zemanta.com>
+Justin Gracenin <jgracenin@gmail.com>
 Justin Nuß <nuss.justin@gmail.com>
 Justyn Temme <justyntemme@gmail.com>
 Kai Backman <kaib@golang.org>
@@ -831,6 +933,7 @@ Kaleb Elwert <kelwert@atlassian.com>
 Kamal Aboul-Hosn <aboulhosn@google.com>
 Kamil Chmielewski <kamil.chm@gmail.com>
 Kamil Kisiel <kamil@kamilkisiel.net> <kamil.kisiel@gmail.com>
+Kamil Rytarowski <krytarowski@users.noreply.github.com>
 Kang Hu <hukangustc@gmail.com>
 Karan Dhiman <karandhi@ca.ibm.com>
 Karel Pazdera <pazderak@gmail.com>
@@ -869,6 +972,7 @@ Kevin Vu <kevin.m.vu@gmail.com>
 Kieran Colford <kieran@kcolford.com>
 Kim Shrier <kshrier@racktopsystems.com>
 Kim Yongbin <kybinz@gmail.com>
+Kir Kolyshkin <kolyshkin@gmail.com>
 Kirill Smelkov <kirr@nexedi.com>
 Kirk Han <kirk91.han@gmail.com>
 Kirklin McDonald <kirklin.mcdonald@gmail.com>
@@ -878,24 +982,29 @@ Koichi Shiraishi <zchee.io@gmail.com>
 Koki Ide <niconegoto@yahoo.co.jp>
 Konstantin <konstantin8105@gmail.com>
 Konstantin Shaposhnikov <k.shaposhnikov@gmail.com>
+Kris Kwiatkowski <kris@cloudflare.com>
 Kris Nova <kris@nivenly.com>
 Kris Rousey <krousey@google.com>
 Kristopher Watts <traetox@gmail.com>
 Kun Li <likunarmstrong@gmail.com>
 Kunpei Sakai <namusyaka@gmail.com>
+Kuntal Majumder <hellozee@disroot.org>
 Kyle Consalus <consalus@gmail.com>
 Kyle Isom <kyle@gokyle.net>
 Kyle Jones <kyle@kyledj.com>
 Kyle Lemons <kyle@kylelemons.net> <kevlar@google.com>
 Kyle Shannon <kyle@pobox.com>
+Kyle Spiers <eiais@google.com>
 Kyohei Kadota <lufia@lufia.org>
 Kyrylo Silin <silin@kyrylo.org>
 L Campbell <unpantsu@gmail.com>
 Lai Jiangshan <eag0628@gmail.com>
 Lakshay Garg <lakshay.garg.1996@gmail.com>
 Lann Martin <lannm@google.com>
+Lanre Adelowo <yo@lanre.wtf>
 Larry Hosken <lahosken@golang.org>
 Lars Jeppesen <jeppesen.lars@gmail.com>
+Lars Lehtonen <lars.lehtonen@gmail.com>
 Lars Wiegman <lars@namsral.com>
 Larz Conwell <larzconwell@gmail.com>
 Laurent Voisin <lpvoisin@gmail.com>
@@ -903,9 +1012,12 @@ Laurie Clark-Michalek <laurie@qubit.com>
 LE Manh Cuong <cuong.manhle.vn@gmail.com>
 Lee Hinman <hinman@gmail.com>
 Lee Packham <lpackham@gmail.com>
+Lehner Florian <dev@der-flo.net>
 Leigh McCulloch <leighmcc@gmail.com>
+Leo Antunes <leo@costela.net>
 Leo Rudberg <ljr@google.com>
 Leon Klingele <git@leonklingele.de>
+Leonel Quinteros <leonel.quinteros@gmail.com>
 Lev Shamardin <shamardin@gmail.com>
 Lewin Bormann <lewin.bormann@gmail.com>
 Lion Yang <lion@aosc.xyz>
@@ -933,11 +1045,13 @@ Luuk van Dijk <lvd@golang.org> <lvd@google.com>
 Lyle Franklin <lylejfranklin@gmail.com>
 Lynn Boger <laboger@linux.vnet.ibm.com>
 Ma Peiqi <mapeiqi2017@gmail.com>
+Maciej Dębski <maciejd@google.com>
 Magnus Hiie <magnus.hiie@gmail.com>
 Maicon Costa <maiconscosta@gmail.com>
 Maksym Trykur <maksym.trykur@gmail.com>
 Mal Curtis <mal@mal.co.nz>
 Manfred Touron <m@42.am>
+Manigandan Dharmalingam <manigandan.jeff@gmail.com>
 Manish Goregaokar <manishsmail@gmail.com>
 Manoj Dayaram <platform-dev@moovweb.com> <manoj.dayaram@moovweb.com>
 Mansour Rahimi <rahimi.mnr@gmail.com>
@@ -948,16 +1062,19 @@ Marc Weistroff <marc@weistroff.net>
 Marc-Antoine Ruel <maruel@chromium.org>
 Marcel Edmund Franke <marcel.edmund.franke@gmail.com>
 Marcel van Lohuizen <mpvl@golang.org>
+Marcelo Cantos <marcelo.cantos@gmail.com>
 Marcelo E. Magallon <marcelo.magallon@gmail.com>
 Marco Hennings <marco.hennings@freiheit.com>
 Marga Manterola <marga@google.com>
 Marin Bašić <marin.basic02@gmail.com>
+Mario Arranz <marioarranzr@gmail.com>
 Marius Nuennerich <mnu@google.com>
 Mark Adams <mark@markadams.me>
 Mark Bucciarelli <mkbucc@gmail.com>
 Mark Harrison <marhar@google.com>
 Mark Percival <m@mdp.im>
 Mark Pulford <mark@kyne.com.au>
+Mark Rushakoff <mark.rushakoff@gmail.com>
 Mark Ryan <mark.d.ryan@intel.com>
 Mark Severson <miquella@gmail.com>
 Mark Theunissen <mark.theunissen@gmail.com>
@@ -976,6 +1093,7 @@ Martin Habbecke <marhab@google.com>
 Martin Hamrle <martin.hamrle@gmail.com>
 Martin Hoefling <martin.hoefling@gmx.de>
 Martin Kreichgauer <martinkr@google.com>
+Martin Kunc <martinkunc@users.noreply.github.com>
 Martin Lindhe <martin.j.lindhe@gmail.com>
 Martin Möhrmann <moehrmann@google.com> <martisch@uos.de>
 Martin Neubauer <m.ne@gmx.net>
@@ -991,6 +1109,7 @@ Masahiro Furudate <masahiro.furudate@gmail.com>
 Masahiro Wakame <vvakame@gmail.com>
 Masaki Yoshida <yoshida.masaki@gmail.com>
 Mat Byczkowski <mbyczkowski@gmail.com>
+Mat Ryer <thatmatryer@gmail.com>
 Máté Gulyás <mgulyas86@gmail.com>
 Matej Baćo <matejbaco@gmail.com>
 Mateus Amin <mateus.amin@gmail.com>
@@ -1010,6 +1129,7 @@ Matt Harden <matt.harden@gmail.com>
 Matt Jibson <matt.jibson@gmail.com>
 Matt Joiner <anacrolix@gmail.com>
 Matt Jones <mrjones@google.com>
+Matt Juran <thepciet@gmail.com>
 Matt Layher <mdlayher@gmail.com>
 Matt Reiferson <mreiferson@gmail.com>
 Matt Robenolt <matt@ydekproductions.com>
@@ -1042,13 +1162,16 @@ Micah Stetson <micah.stetson@gmail.com>
 Michael Brandenburg <mbrandenburg@bolste.com>
 Michael Chaten <mchaten@gmail.com>
 Michael Darakananda <pongad@google.com>
+Michael Dorner <mail@michaeldorner.de>
 Michael Edwards <medwards@walledcity.ca>
 Michael Elkins <michael.elkins@gmail.com>
 Michael Fraenkel <michael.fraenkel@gmail.com>
+Michael Fromberger <michael.j.fromberger@gmail.com>
 Michael Gehring <mg@ebfe.org> <gnirheg.leahcim@gmail.com>
 Michael Hendricks <michael@ndrix.org>
 Michael Hoisie <hoisie@gmail.com>
 Michael Hudson-Doyle <michael.hudson@linaro.org>
+Michael Kasch <michael.kasch@gmail.com>
 Michael Käufl <golang@c.michael-kaeufl.de>
 Michael Kelly <mjk@google.com>
 Michael Lewis <mikelikespie@gmail.com>
@@ -1073,6 +1196,7 @@ Michael Vetter <g.bluehut@gmail.com>
 Michal Bohuslávek <mbohuslavek@gmail.com>
 Michal Cierniak <cierniak@google.com>
 Michał Derkacz <ziutek@lnet.pl>
+Michal Franc <lam.michal.franc@gmail.com>
 Michal Pristas <michal.pristas@gmail.com>
 Michalis Kargakis <michaliskargakis@gmail.com>
 Michel Lespinasse <walken@google.com>
@@ -1086,10 +1210,12 @@ Mike Andrews <mra@xoba.com>
 Mike Appleby <mike@app.leby.org>
 Mike Danese <mikedanese@google.com>
 Mike Houston <mike@kothar.net>
+Mike Kabischev <kabischev@gmail.com>
 Mike Rosset <mike.rosset@gmail.com>
 Mike Samuel <mikesamuel@gmail.com>
 Mike Solomon <msolo@gmail.com>
 Mike Strosaker <strosake@us.ibm.com>
+Mike Tsao <mike@sowbug.com>
 Mike Wiacek <mjwiacek@google.com>
 Mikhail Gusarov <dottedmag@dottedmag.net>
 Mikhail Panchenko <m@mihasya.com>
@@ -1097,9 +1223,12 @@ Miki Tebeka <miki.tebeka@gmail.com>
 Mikio Hara <mikioh.mikioh@gmail.com>
 Mikkel Krautz <mikkel@krautz.dk> <krautz@gmail.com>
 Milutin Jovanović <jovanovic.milutin@gmail.com>
+MinJae Kwon <mingrammer@gmail.com>
 Miquel Sabaté Solà <mikisabate@gmail.com>
 Miroslav Genov <mgenov@gmail.com>
+Misty De Meo <mistydemeo@gmail.com>
 Mohit Agarwal <mohit@sdf.org>
+Mohit kumar Bajoria <mohitbajo36@gmail.com>
 Momchil Velikov <momchil.velikov@gmail.com>
 Monis Khan <mkhan@redhat.com>
 Monty Taylor <mordred@inaugust.com>
@@ -1113,6 +1242,8 @@ Muhammed Uluyol <uluyol0@gmail.com>
 Mura Li <mura_li@castech.com.tw>
 Nan Deng <monnand@gmail.com>
 Naoki Kanatani <k12naoki@gmail.com>
+Nate Wilkinson <nathanwilk7@gmail.com>
+Nathan Cantelmo <n.cantelmo@gmail.com>
 Nathan Caza <mastercactapus@gmail.com>
 Nathan Humphreys <nkhumphreys@gmail.com>
 Nathan John Youngman <nj@nathany.com>
@@ -1122,9 +1253,11 @@ Nathan VanBenschoten <nvanbenschoten@gmail.com>
 Nathan Youngman <git@nathany.com>
 Nathan(yinian) Hu <nathanhu@google.com>
 Nathaniel Cook <nvcook42@gmail.com>
+Naveen Kumar Sangi <naveenkumarsangi@protonmail.com>
 Neelesh Chandola <neelesh.c98@gmail.com>
 Neil Lyons <nwjlyons@googlemail.com>
 Neuman Vong <neuman.vong@gmail.com>
+Neven Sajko <nsajko@gmail.com>
 Nevins Bartolomeo <nevins.bartolomeo@gmail.com>
 Niall Sheridan <nsheridan@gmail.com>
 Nic Day <nic.day@me.com>
@@ -1142,19 +1275,23 @@ Nick Miyake <nmiyake@users.noreply.github.com>
 Nick Patavalis <nick.patavalis@gmail.com>
 Nick Petroni <npetroni@cs.umd.edu>
 Nick Robinson <nrobinson13@gmail.com>
+Nick Smolin <nick27surgut@gmail.com>
 Nicolas BRULEZ <n.brulez@gmail.com>
 Nicolas Kaiser <nikai@nikai.net>
 Nicolas Owens <mischief@offblast.org>
 Nicolas S. Dade <nic.dade@gmail.com>
+Niek Sanders <niek.sanders@gmail.com>
 Niels Widger <niels.widger@gmail.com>
 Nigel Kerr <nigel.kerr@gmail.com>
 Nigel Tao <nigeltao@golang.org>
 Nik Nyby <nnyby@columbia.edu>
+Nikhil Benesch <nikhil.benesch@gmail.com>
 Niklas Schnelle <niklas.schnelle@gmail.com>
 Niko Dziemba <niko@dziemba.com>
 Nikolay Turpitko <nikolay@turpitko.com>
 Nils Larsgård <nilsmagnus@gmail.com>
 Niranjan Godbole <niranjan8192@gmail.com>
+Nishanth Shanmugham <nishanth.gerrard@gmail.com>
 Noah Campbell <noahcampbell@gmail.com>
 Noble Johnson <noblepoly@gmail.com>
 Nodir Turakulov <nodir@google.com>
@@ -1173,8 +1310,10 @@ Olivier Saingre <osaingre@gmail.com>
 Omar Jarjur <ojarjur@google.com>
 Özgür Kesim <oec-go@kesim.org>
 Pablo Lalloni <plalloni@gmail.com>
+Pablo Rozas Larraondo <pablo.larraondo@anu.edu.au>
 Pablo Santiago Blum de Aguiar <scorphus@gmail.com>
 Padraig Kitterick <padraigkitterick@gmail.com>
+Pallat Anchaleechamaikorn <yod.pallat@gmail.com>
 Paolo Giarrusso <p.giarrusso@gmail.com>
 Paolo Martini <mrtnpaolo@gmail.com>
 Parker Moore <parkrmoore@gmail.com>
@@ -1206,6 +1345,7 @@ Paul Rosania <paul.rosania@gmail.com>
 Paul Ruest <pruest@gmail.com>
 Paul Sbarra <Sbarra.Paul@gmail.com>
 Paul Smith <paulsmith@pobox.com> <paulsmith@gmail.com>
+Paul Tyng <paul@paultyng.net>
 Paul van Brouwershaven <paul@vanbrouwershaven.com>
 Paul Wankadia <junyer@google.com>
 Paulo Casaretto <pcasaretto@gmail.com>
@@ -1221,6 +1361,7 @@ Petar Maymounkov <petarm@gmail.com>
 Peter Armitage <peter.armitage@gmail.com>
 Peter Bourgon <peter@bourgon.org>
 Peter Collingbourne <pcc@google.com>
+Peter Conerly <pconerly@gmail.com>
 Peter Froehlich <peter.hans.froehlich@gmail.com>
 Peter Gonda <pgonda@google.com>
 Peter Kleiweg <pkleiweg@xs4all.nl>
@@ -1239,15 +1380,21 @@ Peter Weinberger <pjw@golang.org>
 Peter Williams <pwil3058@gmail.com>
 Peter Wu <pwu@cloudflare.com>
 Petrica Voicu <pvoicu@paypal.com>
+Phil Pearl <philip.j.r.pearl@gmail.com>
 Phil Pennock <pdp@golang.org>
 Philip Børgesen <philip.borgesen@gmail.com>
+Philip Brown <phil@bolthole.com>
 Philip Hofer <phofer@umich.edu>
 Philip K. Warren <pkwarren@gmail.com>
+Philip Nelson <me@pnelson.ca>
+Philipp Stephani <phst@google.com>
 Pierre Durand <pierredurand@gmail.com>
+Pierre Prinetti <pierreprinetti@gmail.com>
 Pierre Roullon <pierre.roullon@gmail.com>
 Piers <google@hellopiers.pro>
 Pieter Droogendijk <pieter@binky.org.uk>
 Pietro Gagliardi <pietro10@mac.com>
+Piyush Mishra <piyush@codeitout.com>
 Pontus Leitzler <leitzler@gmail.com>
 Prasanna Swaminathan <prasanna@mediamath.com>
 Prashant Varanasi <prashant@prashantv.com>
@@ -1275,6 +1422,7 @@ Ramesh Dharan <dharan@google.com>
 Raph Levien <raph@google.com>
 Raphael Geronimi <raphael.geronimi@gmail.com>
 Raul Silvera <rsilvera@google.com>
+Ravil Bikbulatov <weeellz12@gmail.com>
 RaviTeja Pothana <ravi.tezu@gmail.com>
 Ray Tung <rtung@thoughtworks.com>
 Raymond Kazlauskas <raima220@gmail.com>
@@ -1283,6 +1431,7 @@ Reilly Watson <reillywatson@gmail.com>
 Reinaldo de Souza Jr <juniorz@gmail.com>
 Remi Gillig <remigillig@gmail.com>
 Rémy Oudompheng <oudomphe@phare.normalesup.org> <remyoudompheng@gmail.com>
+Rens Rikkerink <Ikkerens@users.noreply.github.com>
 Rhys Hiltner <rhys@justin.tv>
 Ricardo Padilha <ricardospadilha@gmail.com>
 Richard Barnes <rlb@ipv.sx>
@@ -1311,7 +1460,10 @@ Robert Obryk <robryk@gmail.com>
 Robert Sesek <rsesek@google.com>
 Robert Snedegar <roberts@google.com>
 Robert Stepanek <robert.stepanek@gmail.com>
+Robert-André Mauchin <zebob.m@gmail.com>
+Roberto Clapis <robclap8@gmail.com>
 Robin Eklind <r.eklind.87@gmail.com>
+Rodolfo Carvalho <rhcarvalho@gmail.com>
 Rodrigo Moraes de Oliveira <rodrigo.moraes@gmail.com>
 Rodrigo Rafael Monti Kochenburger <divoxx@gmail.com>
 Roger Pau Monné <royger@gmail.com>
@@ -1322,6 +1474,7 @@ Ron Hashimoto <mail@h2so5.net>
 Ron Minnich <rminnich@gmail.com>
 Ross Chater <rdchater@gmail.com>
 Ross Light <light@google.com> <rlight2@gmail.com>
+Rowan Marshall <rowanajmarshall@gmail.com>
 Rowan Worth <sqweek@gmail.com>
 Rudi Kramer <rudi.kramer@gmail.com>
 Rui Ueyama <ruiu@google.com>
@@ -1331,14 +1484,18 @@ Ryan Bagwell <ryanbagwell@outlook.com>
 Ryan Barrett <ryanb@google.com>
 Ryan Boehning <ryan.boehning@apcera.com>
 Ryan Brown <ribrdb@google.com>
+Ryan Canty <jrcanty@gmail.com>
 Ryan Hitchman <hitchmanr@gmail.com>
 Ryan Lower <rpjlower@gmail.com>
+Ryan Roden-Corrent <ryan@rcorre.net>
 Ryan Seys <ryan@ryanseys.com>
 Ryan Slade <ryanslade@gmail.com>
 Ryoichi KATO <ryo1kato@gmail.com>
 Ryuji Iwata <qt.luigi@gmail.com>
+Ryuma Yoshida <ryuma.y1117@gmail.com>
 Ryuzo Yamamoto <ryuzo.yamamoto@gmail.com>
 S.Çağlar Onur <caglar@10ur.org>
+Sabin Mihai Rapan <sabin.rapan@gmail.com>
 Sai Cheemalapati <saicheems@google.com>
 Sakeven Jiang <jc5930@sina.cn>
 Salmān Aljammāz <s@0x65.net>
@@ -1349,6 +1506,7 @@ Sam Thorogood <thorogood@google.com> <sam.thorogood@gmail.com>
 Sam Whited <sam@samwhited.com>
 Sameer Ajmani <sameer@golang.org> <ajmani@gmail.com>
 Sami Commerot <samic@google.com>
+Sami Pönkänen <sami.ponkanen@gmail.com>
 Samuel Tan <samueltan@google.com>
 Samuele Pedroni <pedronis@lucediurna.net>
 Sanjay Menakuru <balasanjay@gmail.com>
@@ -1377,19 +1535,23 @@ Sergei Skorobogatov <skorobo@rambler.ru>
 Sergey 'SnakE' Gromov <snake.scaly@gmail.com>
 Sergey Arseev <sergey.arseev@intel.com>
 Sergey Frolov <sfrolov@google.com>
+Sergey Lukjanov <me@slukjanov.name>
 Sergey Mishin <sergeymishine@gmail.com>
+Sergey Mudrik <sergey.mudrik@gmail.com>
 Sergey Semin <gray12511@gmail.com>
 Sergio Luis O. B. Correia <sergio@correia.cc>
 Sergiusz Bazanski <bazanski@gmail.com>
 Seth Hoenig <seth.a.hoenig@gmail.com>
 Seth Vargo <sethvargo@gmail.com>
 Shahar Kohanim <skohanim@gmail.com>
+Shamil Garatuev <garatuev@gmail.com>
 Shane Hansen <shanemhansen@gmail.com>
 Shaozhen Ding <dsz0111@gmail.com>
 Shawn Ledbetter <sledbetter@google.com>
 Shawn Smith <shawn.p.smith@gmail.com>
 Shawn Walker-Salas <shawn.walker@oracle.com>
 Shenghou Ma <minux@golang.org> <minux.ma@gmail.com>
+Shengyu Zhang <shengyu.zhang@chaitin.com>
 Shi Han Ng <shihanng@gmail.com>
 Shinji Tanaka <shinji.tanaka@gmail.com>
 Shintaro Kaneko <kaneshin0120@gmail.com>
@@ -1411,8 +1573,11 @@ Sridhar Venkatakrishnan <sridhar@laddoo.net>
 StalkR <stalkr@stalkr.net>
 Stan Schwertly <stan@schwertly.com>
 Stanislav Afanasev <php.progger@gmail.com>
+Steeve Morin <steeve.morin@gmail.com>
 Stefan Nilsson <snilsson@nada.kth.se> <trolleriprofessorn@gmail.com>
+Stephan Renatus <srenatus@chef.io>
 Stéphane Travostino <stephane.travostino@gmail.com>
+Stephen Lewis <stephen@sock.org.uk>
 Stephen Ma <stephenm@golang.org>
 Stephen McQuay <stephen@mcquay.me>
 Stephen Searles <stephens2424@gmail.com>
@@ -1432,6 +1597,7 @@ Sugu Sougoumarane <ssougou@gmail.com>
 Suharsh Sivakumar <suharshs@google.com>
 Sukrit Handa <sukrit.handa@utoronto.ca>
 Sunny <me@darkowlzz.space>
+Suriyaa Sundararuban <suriyaasundararuban@gmail.com>
 Suyash <dextrous93@gmail.com>
 Suzy Mueller <suzmue@golang.org>
 Sven Almgren <sven@tras.se>
@@ -1443,6 +1609,7 @@ Tad Fisher <tadfisher@gmail.com>
 Tad Glines <tad.glines@gmail.com>
 Taj Khattra <taj.khattra@gmail.com>
 Takashi Matsuo <tmatsuo@google.com>
+Takayoshi Nishida <takayoshi.nishida@gmail.com>
 Takeshi YAMANASHI <9.nashi@gmail.com>
 Takuto Ikuta <tikuta@google.com>
 Takuya Ueda <uedatakuya@gmail.com>
@@ -1453,24 +1620,30 @@ Tarmigan Casebolt <tarmigan@gmail.com>
 Taro Aoki <aizu.s1230022@gmail.com>
 Taru Karttunen <taruti@taruti.net>
 Tatsuhiro Tsujikawa <tatsuhiro.t@gmail.com>
+Teague Cole <tnc1443@gmail.com>
 Ted Kornish <golang@tedkornish.com>
+Tejasvi Nareddy <tejunareddy@gmail.com>
 Terin Stock <terinjokes@gmail.com>
 Terrel Shumway <gopher@shumway.us>
 Tetsuo Kiso <tetsuokiso9@gmail.com>
 Than McIntosh <thanm@google.com>
+Thanabodee Charoenpiriyakij <wingyminus@gmail.com>
 Thanatat Tamtan <acoshift@gmail.com>
 Thiago Avelino <t@avelino.xxx>
 Thiago Fransosi Farina <thiago.farina@gmail.com> <tfarina@chromium.org>
 Thomas Alan Copeland <talan.copeland@gmail.com>
 Thomas Bonfort <thomas.bonfort@gmail.com>
 Thomas Bouldin <inlined@google.com>
+Thomas Bruyelle <thomas.bruyelle@gmail.com>
 Thomas de Zeeuw <thomasdezeeuw@gmail.com>
 Thomas Desrosiers <thomasdesr@gmail.com>
 Thomas Habets <habets@google.com>
 Thomas Kappler <tkappler@gmail.com>
+Thomas Meson <zllak@hycik.org>
 Thomas Wanielista <tomwans@gmail.com>
 Thorben Krueger <thorben.krueger@gmail.com>
 Thordur Bjornsson <thorduri@secnorth.net>
+Tiago Queiroz <contato@tiago.eti.br>
 Tilman Dilo <tilman.dilo@gmail.com>
 Tim Cooijmans <timcooijmans@gmail.com>
 Tim Cooper <tim.cooper@layeh.com>
@@ -1494,16 +1667,20 @@ Tom Bergan <tombergan@google.com>
 Tom Heng <zhm20070928@gmail.com>
 Tom Lanyon <tomlanyon@google.com>
 Tom Levy <tomlevy93@gmail.com>
+Tom Limoncelli <tal@whatexit.org>
 Tom Linford <tomlinford@gmail.com>
+Tom Payne <twpayne@gmail.com>
 Tom Szymanski <tgs@google.com>
 Tom Wilkie <tom@weave.works>
 Tommy Schaefer <tommy.schaefer@teecom.com>
+Tomoya Ishizaki <zaq1tomo@gmail.com>
 Tonis Tiigi <tonistiigi@gmail.com>
 Tony Walker <walkert.uk@gmail.com>
 Tor Andersson <tor.andersson@gmail.com>
 Tormod Erevik Lea <tormodlea@gmail.com>
 Toshiki Shima <hayabusa1419@gmail.com>
 Totoro W <tw19881113@gmail.com>
+Travis Bischel <travis.bischel@gmail.com>
 Travis Cline <travis.cline@gmail.com>
 Trevor Strohman <trevor.strohman@gmail.com>
 Trey Lawrence <lawrence.trey@gmail.com>
@@ -1512,6 +1689,7 @@ Trey Tacon <ttacon@gmail.com>
 Tristan Amini <tamini01@ca.ibm.com>
 Tristan Colgate <tcolgate@gmail.com>
 Tristan Ooohry <ooohry@gmail.com>
+Tristan Rice <rice@fn.lc>
 Troels Thomsen <troels@thomsen.io>
 Trung Nguyen <trung.n.k@gmail.com>
 Tudor Golubenco <tudor.g@gmail.com>
@@ -1528,9 +1706,12 @@ Uriel Mangado <uriel@berlinblue.org>
 Uttam C Pawar <uttam.c.pawar@intel.com>
 Vadim Grek <vadimprog@gmail.com>
 Vadim Vygonets <unixdj@gmail.com>
+Val Polouchkine <vpolouch@justin.tv>
 Vega Garcia Luis Alfonso <vegacom@gmail.com>
+Veselkov Konstantin <kostozyb@gmail.com>
 Victor Chudnovsky <vchudnov@google.com>
 Victor Vrantchan <vrancean+github@gmail.com>
+Vignesh Ramachandra <vickyramachandra@gmail.com>
 Vikas Kedia <vikask@google.com>
 Vincent Ambo <tazjin@googlemail.com>
 Vincent Batts <vbatts@hashbangbash.com> <vbatts@gmail.com>
@@ -1540,27 +1721,33 @@ Vish Subramanian <vish@google.com>
 Vishvananda Ishaya <vishvananda@gmail.com>
 Vitor De Mario <vitordemario@gmail.com>
 Vlad Krasnov <vlad@cloudflare.com>
+Vladimir Kuzmin <vkuzmin@uber.com>
 Vladimir Mihailenco <vladimir.webdev@gmail.com>
 Vladimir Nikishenko <vova616@gmail.com>
 Vladimir Stefanovic <vladimir.stefanovic@imgtec.com>
 Vladimir Varankin <nek.narqo@gmail.com>
 Volker Dobler <dr.volker.dobler@gmail.com>
 Volodymyr Paprotski <vpaprots@ca.ibm.com>
+W. Trevor King <wking@tremily.us>
 Wade Simmons <wade@wades.im>
 Walter Poupore <wpoupore@google.com>
 Wander Lairson Costa <wcosta@mozilla.com>
+Wayne Ashley Berry <wayneashleyberry@gmail.com>
 Wedson Almeida Filho <wedsonaf@google.com>
 Wèi Cōngruì <crvv.mail@gmail.com>
+Wei Fu <fhfuwei@163.com>
 Wei Guangjing <vcc.163@gmail.com>
 Wei Xiao <wei.xiao@arm.com>
 Weichao Tang <tevic.tt@gmail.com>
 Wembley G. Leach, Jr <wembley.gl@gmail.com>
+Wilfried Teiken <wteiken@google.com>
 Will Chan <willchan@google.com>
 Will Faught <will.faught@gmail.com>
 Will Norris <willnorris@google.com>
 Will Storey <will@summercat.com>
 Willem van der Schyff <willemvds@gmail.com>
 William Chan <willchan@chromium.org>
+William Chang <mr.williamchang@gmail.com>
 William Josephson <wjosephson@gmail.com>
 William Orr <will@worrbase.com> <ay1244@gmail.com>
 Wisdom Omuya <deafgoat@gmail.com>
@@ -1570,14 +1757,20 @@ Xia Bin <snyh@snyh.org>
 Xing Xing <mikespook@gmail.com>
 Xu Fei <badgangkiller@gmail.com>
 Xudong Zhang <felixmelon@gmail.com>
+Xudong Zheng <7pkvm5aw@slicealias.com>
 Xuyang Kang <xuyangkang@gmail.com>
+Yamagishi Kazutoshi <ykzts@desire.sh>
 Yan Zou <yzou@google.com>
+Yann Hodique <yhodique@google.com>
 Yann Kerhervé <yann.kerherve@gmail.com>
 Yann Salaün <yannsalaun1@gmail.com>
 Yao Zhang <lunaria21@gmail.com>
+Yaron de Leeuw <jarondl@google.com>
 Yasha Bubnov <girokompass@gmail.com>
 Yasuharu Goto <matope.ono@gmail.com>
 Yasuhiro Matsumoto <mattn.jp@gmail.com>
+Yasuyuki Oka <yasuyk@gmail.com>
+Yazen Shunnar <yazen.shunnar@gmail.com>
 Yestin Sun <ylh@pdx.edu>
 Yesudeep Mangalapilly <yesudeep@google.com>
 Yissakhar Z. Beck <yissakhar.beck@gmail.com>
@@ -1585,11 +1778,14 @@ Yo-An Lin <yoanlin93@gmail.com>
 Yongjian Xu <i3dmaster@gmail.com>
 Yorman Arias <cixtords@gmail.com>
 Yoshiyuki Kanno <nekotaroh@gmail.com> <yoshiyuki.kanno@stoic.co.jp>
+Yoshiyuki Mineo <yoshiyuki.mineo@gmail.com>
 Yosuke Akatsuka <yosuke.akatsuka@gmail.com>
 Yu Heng Zhang <annita.zhang@cn.ibm.com>
 Yu Xuan Zhang <zyxsh@cn.ibm.com>
+Yuji Yaginuma <yuuji.yaginuma@gmail.com>
 Yuki Yugui Sonoda <yugui@google.com>
 Yukihiro Nishinaka <6elpinal@gmail.com>
+Yury Smolsky <yury@smolsky.by>
 Yusuke Kagiwada <block.rxckin.beats@gmail.com>
 Yuusei Kuwana <kuwana@kumama.org>
 Yuval Pavel Zholkover <paulzhol@gmail.com>
@@ -1597,13 +1793,17 @@ Yves Junqueira <yvesj@google.com> <yves.junqueira@gmail.com>
 Zac Bergquist <zbergquist99@gmail.com>
 Zach Bintliff <zbintliff@gmail.com>
 Zach Gershman <zachgersh@gmail.com>
+Zachary Gershman <zgershman@pivotal.io>
 Zak <zrjknill@gmail.com>
 Zakatell Kanda <hi@zkanda.io>
 Zellyn Hunter <zellyn@squareup.com> <zellyn@gmail.com>
 Zev Goldstein <zev.goldstein@gmail.com>
+Zheng Dayu <davidzheng23@gmail.com>
 Zhengyu He <hzy@google.com>
+Zhongpeng Lin <zplin@uber.com>
 Zhongtao Chen <chenzhongtao@126.com>
 Zhongwei Yao <zhongwei.yao@arm.com>
+Zhou Peng <p@ctriple.cn>
 Ziad Hatahet <hatahet@gmail.com>
 Zorion Arrizabalaga <zorionk@gmail.com>
 Максим Федосеев <max.faceless.frei@gmail.com>
